place,stateabrev,rankeconhealth1990,rankeconinclusionindex1990,rankraceinclusionindex1990,rankoverallinclusionindex1990,rankeconhealth2000,rankeconinclusionindex2000,rankraceinclusionindex2000,rankoverallinclusionindex2000,rankeconhealth2010,rankeconinclusionindex2010,rankraceinclusionindex2010,rankoverallinclusionindex2010,rankeconhealth2015,rankeconinclusionindex2015,rankraceinclusionindex2015,rankoverallinclusionindex2015,pop1990,pop2000,pop2010,pop2015,unemprate1990,unemprate2000,unemprate2010,unemprate2015,MEANunemprate1990,MEANunemprate2000,MEANunemprate2010,MEANunemprate2015,vacancyrate1990,vacancyrate2000,vacancyrate2010,vacancyrate2015,MEANvacancyrate1990,MEANvacancyrate2000,MEANvacancyrate2010,MEANvacancyrate2015,medfamincome1990,medfamincome2000,medfamincome2010,medfamincome2015,MEANmedfamincome1990,MEANmedfamincome2000,MEANmedfamincome2010,MEANmedfamincome2015,rentburden1990,rentburden2000,rentburden2010,rentburden2015,MEANrentburden1990,MEANrentburden2000,MEANrentburden2010,MEANrentburden2015,workingpoor1990,workingpoor2000,workingpoor2010,workingpoor2015,MEANworkingpoor1990,MEANworkingpoor2000,MEANworkingpoor2010,MEANworkingpoor2015,pct1619notinschool1990,pct1619notinschool2000,pct1619notinschool2010,pct1619notinschool2015,MEANpct1619notinschool1990,MEANpct1619notinschool2000,MEANpct1619notinschool2010,MEANpct1619notinschool2015,Citypctnonwhite1990,Citypctnonwhite2000,Citypctnonwhite2010,Citypctnonwhite2015,MEANCitypctnonwhite1990,MEANCitypctnonwhite2000,MEANCitypctnonwhite2010,MEANCitypctnonwhite2015,hogap1990,hogap2000,hogap2010,hogap2015,MEANhogap1990,MEANhogap2000,MEANhogap2010,MEANhogap2015,povgap1990,povgap2000,povgap2010,povgap2015,MEANpovgap1990,MEANpovgap2000,MEANpovgap2010,MEANpovgap2015,racialeducationgap1990,racialeducationgap2000,racialeducationgap2010,racialeducationgap2015,MEANracialeducationgap1990,MEANracialeducationgap2000,MEANracialeducationgap2010,MEANracialeducationgap2015,WCC_flag
Waterville,ME,507,384,159,169,412,364,,,271,585,654,596,457,87,490,167,17173,15605,15722,16374,0.076594189,0.060377873,0.138539046,0.082834728,0.062381275,0.060341477,0.09672337,0.069460727,0.056792237,0.078310601,0.117890671,0.110083826,0.061768264,0.053820375,0.097243629,0.09425988,29054,38052,48750,58063,38066.69531,53206.38672,67027.21875,73229.89844,0.328500837,0.336761773,0.542865515,0.351705313,0.362274975,0.316654235,0.534466982,0.417152345,0.002975452,0.00704432,0.004875076,0.006783493,0.012029119,0.01382364,0.024621163,0.02585572,0.092185594,0.008333334,0.06719128,0,0.107590705,0.094508201,0.052006546,0.037587557,0.019798521,0.047933355,0.090304181,0.102662757,0.223469526,0.306143045,0.376948535,0.403121889,0.207386166,0.173535973,0.102147162,-0.048529059,0.187675998,0.210314468,0.214844003,0.217311203,-0.125788763,0.067730144,0.162111983,0.21167022,0.078955598,0.110199019,0.116873026,0.10058634,-0.050381184,,0.030564249,0.001845598,0.128723502,0.151819706,0.135321572,0.121936381,1
Somerville,MA,892,312,459,281,1131,424,283,250,1255,693,706,670,1319,97,474,168,76210,77478,75754,79983,0.063408673,0.034874443,0.071614303,0.046073619,0.062381275,0.060341477,0.09672337,0.069460727,0.045334425,0.02564892,0.036925256,0.047069531,0.061768264,0.053820375,0.097243629,0.09425988,38532,51243,72369,95492,38066.69531,53206.38672,67027.21875,73229.89844,0.334876209,0.292858481,0.629876018,0.289476246,0.362274975,0.316654235,0.534466982,0.417152345,0.003106169,0.003745068,0.010067818,0.01482025,0.012029119,0.01382364,0.024621163,0.02585572,0.071350463,0.080394924,0.022397893,0.013747954,0.107590705,0.094508201,0.052006546,0.037587557,0.156449288,0.273083985,0.292981803,0.293599904,0.223469526,0.306143045,0.376948535,0.403121889,0.184382796,0.119450569,0.1633977,0.078183711,0.187675998,0.210314468,0.214844003,0.217311203,0.01483646,0.046499774,0.151943371,0.08407522,0.078955598,0.110199019,0.116873026,0.10058634,0.043440223,0.104549587,0.08725512,0.110460818,0.128723502,0.151819706,0.135321572,0.121936381,1
Warwick,RI,1081,370,318,240,1124,277,334,213,1083,638,281,337,1072,344,295,197,85427,85808,82672,81218,0.054542705,0.040674128,0.08764562,0.059201725,0.062381275,0.060341477,0.09672337,0.069460727,0.038502034,0.028987462,0.062415268,0.068630591,0.061768264,0.053820375,0.097243629,0.09425988,42120,56225,76695,87369,38066.69531,53206.38672,67027.21875,73229.89844,0.338208407,0.273936749,0.574394822,0.363015175,0.362274975,0.316654235,0.534466982,0.417152345,0.001453488,0.003945543,0.005478158,0.004978794,0.012029119,0.01382364,0.024621163,0.02585572,0.089598849,0.062971637,0.054550223,0.037296779,0.107590705,0.094508201,0.052006546,0.037587557,0.028351692,0.056964386,0.096979372,0.117190771,0.223469526,0.306143045,0.376948535,0.403121889,0.133374751,0.151174605,0.102526069,0.103441954,0.187675998,0.210314468,0.214844003,0.217311203,-0.019273221,0.044902399,0.025355712,0.001553424,0.078955598,0.110199019,0.116873026,0.10058634,0.008214533,-0.014157355,0.022918403,0.04388237,0.128723502,0.151819706,0.135321572,0.121936381,1
Revere,MA,597,852,1386,1225,859,782,1240,1064,735,508,492,448,841,873,193,333,42786,47283,51755,53864,0.076571271,0.058739893,0.102552317,0.065340817,0.062381275,0.060341477,0.09672337,0.069460727,0.066324897,0.031613894,0.06851799,0.067541078,0.061768264,0.053820375,0.097243629,0.09425988,37213,45865,55892,66773,38066.69531,53206.38672,67027.21875,73229.89844,0.438627481,0.355298609,0.445111215,0.475642264,0.362274975,0.316654235,0.534466982,0.417152345,0.001586462,0.010199781,0.01295681,0.014036233,0.012029119,0.01382364,0.024621163,0.02585572,0.112164296,0.073978275,0.090358637,0.036127169,0.107590705,0.094508201,0.052006546,0.037587557,0.090122938,0.206268638,0.373310924,0.438307583,0.223469526,0.306143045,0.376948535,0.403121889,0.380428731,0.275923103,0.15031758,0.128661543,0.187675998,0.210314468,0.214844003,0.217311203,0.131508395,0.179488316,0.006777182,-0.026605099,0.078955598,0.110199019,0.116873026,0.10058634,0.103046417,0.149831474,0.223021805,0.117788494,0.128723502,0.151819706,0.135321572,0.121936381,1
Middletown,CT,987,99,963,398,986,489,610,454,1155,467,660,544,929,254,670,352,42762,43167,47648,46747,0.044417813,0.044474564,0.076949149,0.060938869,0.062381275,0.060341477,0.09672337,0.069460727,0.068003535,0.052089151,0.072322473,0.095933653,0.061768264,0.053820375,0.097243629,0.09425988,44339,60845,81497,87204,38066.69531,53206.38672,67027.21875,73229.89844,0.289144933,0.232238874,0.580205977,0.357134521,0.362274975,0.316654235,0.534466982,0.417152345,0.003091787,0.008896967,0.008746096,0.006575857,0.012029119,0.01382364,0.024621163,0.02585572,0.042841841,0.118157543,0.027410831,0.026566086,0.107590705,0.094508201,0.052006546,0.037587557,0.163112104,0.225449994,0.295771092,0.305067718,0.223469526,0.306143045,0.376948535,0.403121889,0.241960824,0.240427166,0.268555224,0.239733309,0.187675998,0.210314468,0.214844003,0.217311203,0.095152788,0.05886773,0.088180952,0.108869433,0.078955598,0.110199019,0.116873026,0.10058634,0.093810618,0.08625114,0.05099231,0.024361134,0.128723502,0.151819706,0.135321572,0.121936381,1
West Haven,CT,925,519,388,349,813,652,497,492,607,141,711,382,372,720,342,384,54021,52360,55564,55044,0.054646075,0.053479724,0.123852201,0.101892427,0.062381275,0.060341477,0.09672337,0.069460727,0.06032012,0.052337036,0.081335291,0.12037205,0.061768264,0.053820375,0.097243629,0.09425988,41907,51631,64693,71958,38066.69531,53206.38672,67027.21875,73229.89844,0.364312261,0.351306468,0.491644323,0.467049748,0.362274975,0.316654235,0.534466982,0.417152345,0.002829655,0.008435933,0.016919229,0.02170717,0.012029119,0.01382364,0.024621163,0.02585572,0.092231154,0.054989818,0.006251954,0.011866859,0.107590705,0.094508201,0.052006546,0.037587557,0.180670485,0.302501917,0.417235404,0.492242575,0.223469526,0.306143045,0.376948535,0.403121889,0.226335287,0.268184483,0.308417827,0.221017897,0.187675998,0.210314468,0.214844003,0.217311203,0.024660435,0.080350041,0.120908231,0.064777784,0.078955598,0.110199019,0.116873026,0.10058634,-0.037081301,0.004450083,0.043186069,0.026911199,0.128723502,0.151819706,0.135321572,0.121936381,1
Rutland,VT,608,936,,,713,1257,,,665,194,191,123,648,793,334,411,18230,17292,16495,15740,0.06256026,0.052274588,0.095589079,0.047405191,0.062381275,0.060341477,0.09672337,0.069460727,0.064456269,0.051142819,0.088242665,0.1294429,0.061768264,0.053820375,0.097243629,0.09425988,31083,41561,53865,57935,38066.69531,53206.38672,67027.21875,73229.89844,0.404346496,0.384961069,0.524135947,0.468424469,0.362274975,0.316654235,0.534466982,0.417152345,0.00419241,0.021545667,0.017870627,0.012600536,0.012029119,0.01382364,0.024621163,0.02585572,0.142546251,0.103837475,0,0.033333335,0.107590705,0.094508201,0.052006546,0.037587557,0.014152496,0.028683783,0.046364851,0.061626431,0.223469526,0.306143045,0.376948535,0.403121889,0.248930484,0.268645167,0.239678591,0.120054692,0.187675998,0.210314468,0.214844003,0.217311203,-0.085418835,0.206708431,-0.031198718,-0.03642717,0.078955598,0.110199019,0.116873026,0.10058634,,,-0.115522861,0.068507493,0.128723502,0.151819706,0.135321572,0.121936381,1
Rochester,NH,567,982,753,849,1056,768,353,463,1000,100,1057,511,1101,176,903,426,26630,28461,29752,30212,0.070798993,0.037027311,0.063077375,0.042629432,0.062381275,0.060341477,0.09672337,0.069460727,0.072589383,0.027458601,0.088623866,0.060317691,0.061768264,0.053820375,0.097243629,0.09425988,35898,47324,62044,70385,38066.69531,53206.38672,67027.21875,73229.89844,0.393312663,0.309622288,0.47131148,0.394190878,0.362274975,0.316654235,0.534466982,0.417152345,0.00339029,0.011732499,0.007500635,0.006294851,0.012029119,0.01382364,0.024621163,0.02585572,0.166929141,0.101958133,0.022270115,0,0.107590705,0.094508201,0.052006546,0.037587557,0.018212542,0.033730369,0.05407308,0.063352309,0.223469526,0.306143045,0.376948535,0.403121889,0.18172282,0.238901496,0.188120782,0.370438725,0.187675998,0.210314468,0.214844003,0.217311203,0.003756069,0.074158378,0.133848295,0.010660842,0.078955598,0.110199019,0.116873026,0.10058634,0.093713045,-0.171460807,0.108683467,0.016921759,0.128723502,0.151819706,0.135321572,0.121936381,1
Nashua,NH,897,450,786,541,1256,592,1013,719,1209,529,954,734,1184,245,820,431,79662,86605,86494,87642,0.060663342,0.0415942,0.079571642,0.055002503,0.062381275,0.060341477,0.09672337,0.069460727,0.068238325,0.016531495,0.058381472,0.045339234,0.061768264,0.053820375,0.097243629,0.09425988,46614,61102,81938,84587,38066.69531,53206.38672,67027.21875,73229.89844,0.336379617,0.275967062,0.585735023,0.353836477,0.362274975,0.316654235,0.534466982,0.417152345,0.003764056,0.008423802,0.010885106,0.008697228,0.012029119,0.01382364,0.024621163,0.02585572,0.094002016,0.105325729,0.026833218,0.023196533,0.107590705,0.094508201,0.052006546,0.037587557,0.066882581,0.135073036,0.208009392,0.262670875,0.223469526,0.306143045,0.376948535,0.403121889,0.223199666,0.31162101,0.232172281,0.233574867,0.187675998,0.210314468,0.214844003,0.217311203,0.031915605,0.098008655,0.088800073,0.065816209,0.078955598,0.110199019,0.116873026,0.10058634,0.054180562,0.077302754,0.143587351,0.11658144,0.128723502,0.151819706,0.135321572,0.121936381,1
Cranston,RI,1058,693,647,595,1044,460,677,491,919,482,670,558,965,510,608,455,76060,79269,80387,80979,0.059823111,0.048316851,0.10292767,0.067002468,0.062381275,0.060341477,0.09672337,0.069460727,0.035751738,0.031620305,0.067172162,0.068301171,0.061768264,0.053820375,0.097243629,0.09425988,41896,55241,73857,82271,38066.69531,53206.38672,67027.21875,73229.89844,0.356859535,0.270451277,0.546344757,0.410057813,0.362274975,0.316654235,0.534466982,0.417152345,0.001754642,0.004763074,0.013563566,0.011804641,0.012029119,0.01382364,0.024621163,0.02585572,0.144441113,0.101819038,0.034875609,0.027573995,0.107590705,0.094508201,0.052006546,0.037587557,0.062279779,0.128234237,0.230403006,0.280640662,0.223469526,0.306143045,0.376948535,0.403121889,0.127326012,0.169868827,0.171937287,0.17488116,0.187675998,0.210314468,0.214844003,0.217311203,0.001987718,0.075929858,0.103669107,0.077593148,0.078955598,0.110199019,0.116873026,0.10058634,0.144447386,0.137726963,0.098405361,0.082876503,0.128723502,0.151819706,0.135321572,0.121936381,1
Laconia,NH,337,758,,,918,762,,,110,655,1267,1044,102,674,484,465,15743,16411,15951,16237,0.077593721,0.040289506,0.097108379,0.058223497,0.062381275,0.060341477,0.09672337,0.069460727,0.098646507,0.041150339,0.280447274,0.3122136,0.061768264,0.053820375,0.097243629,0.09425988,35658,45307,60829,64648,38066.69531,53206.38672,67027.21875,73229.89844,0.390593857,0.299564272,0.574335992,0.445521384,0.362274975,0.316654235,0.534466982,0.417152345,0.006519559,0.007102273,0.010262257,0.010047726,0.012029119,0.01382364,0.024621163,0.02585572,0.103666246,0.135802463,0.045855381,0.035230353,0.107590705,0.094508201,0.052006546,0.037587557,0.017658642,0.038632624,0.052235089,0.051918458,0.223469526,0.306143045,0.376948535,0.403121889,0.162277341,0.237508327,0.282730639,0.178891629,0.187675998,0.210314468,0.214844003,0.217311203,-0.087085225,0.009758152,0.063385561,0.061845154,0.078955598,0.110199019,0.116873026,0.10058634,,,0.201679528,-0.037589014,0.128723502,0.151819706,0.135321572,0.121936381,1
Meriden,CT,930,934,1433,1314,775,804,1370,1194,543,461,1340,1016,514,50,1219,470,59479,58244,60868,60241,0.051330145,0.048033603,0.116397798,0.072706833,0.062381275,0.060341477,0.09672337,0.069460727,0.062917911,0.065933175,0.103155755,0.141461968,0.061768264,0.053820375,0.097243629,0.09425988,41910,52788,62041,73267,38066.69531,53206.38672,67027.21875,73229.89844,0.363275766,0.322532624,0.489378363,0.310983866,0.362274975,0.316654235,0.534466982,0.417152345,0.00199377,0.008351561,0.020390015,0.003732356,0.012029119,0.01382364,0.024621163,0.02585572,0.189042091,0.117305458,0.046496179,0.008843036,0.107590705,0.094508201,0.052006546,0.037587557,0.184905604,0.301061064,0.405198276,0.373317182,0.223469526,0.306143045,0.376948535,0.403121889,0.365934402,0.363001108,0.358094215,0.340070277,0.187675998,0.210314468,0.214844003,0.217311203,0.121238038,0.166588783,0.198710307,0.126062676,0.078955598,0.110199019,0.116873026,0.10058634,0.250223398,0.201306164,0.149381578,0.134952366,0.128723502,0.151819706,0.135321572,0.121936381,1
Malden,MA,784,405,433,306,1162,541,197,246,740,879,379,513,1014,883,453,548,53884,56340,59450,61212,0.076588616,0.039939642,0.117721841,0.06058516,0.062381275,0.060341477,0.09672337,0.069460727,0.054227505,0.023313871,0.059976123,0.05495137,0.061768264,0.053820375,0.097243629,0.09425988,42099,55557,64431,72662,38066.69531,53206.38672,67027.21875,73229.89844,0.331053346,0.303664505,0.55268234,0.420063704,0.362274975,0.316654235,0.534466982,0.417152345,0.004157387,0.008337599,0.01829963,0.025334906,0.012029119,0.01382364,0.024621163,0.02585572,0.086920872,0.070921987,0.06381353,0.040794417,0.107590705,0.094508201,0.052006546,0.037587557,0.120833643,0.303691864,0.511113346,0.533620834,0.223469526,0.306143045,0.376948535,0.403121889,0.149219841,0.123511136,0.164446056,0.181411713,0.187675998,0.210314468,0.214844003,0.217311203,0.015730545,0.030513041,0.087073497,0.073966108,0.078955598,0.110199019,0.116873026,0.10058634,0.051364601,0.08180052,0.114202738,0.115956962,0.128723502,0.151819706,0.135321572,0.121936381,1
New Haven,CT,238,966,691,797,29,1121,362,634,219,557,554,509,248,1150,267,569,130474,123626,129779,130884,0.092754886,0.138077363,0.138264239,0.104099907,0.062381275,0.060341477,0.09672337,0.069460727,0.091644004,0.106987022,0.135629773,0.114066958,0.061768264,0.053820375,0.097243629,0.09425988,31163,35950,46145,46671,38066.69531,53206.38672,67027.21875,73229.89844,0.436310291,0.404832482,0.471227974,0.509335041,0.362274975,0.316654235,0.534466982,0.417152345,0.006612322,0.011837698,0.025243897,0.020567635,0.012029119,0.01382364,0.024621163,0.02585572,0.10802035,0.100149475,0.055160142,0.045247912,0.107590705,0.094508201,0.052006546,0.037587557,0.510170579,0.644257665,0.675837994,0.696639776,0.223469526,0.306143045,0.376948535,0.403121889,0.182547033,0.155836686,0.176410407,0.13558799,0.187675998,0.210314468,0.214844003,0.217311203,0.188052937,0.148446962,0.164104775,0.085176393,0.078955598,0.110199019,0.116873026,0.10058634,0.126463652,0.142190456,0.162819028,0.125478745,0.128723502,0.151819706,0.135321572,0.121936381,1
East Providence,RI,985,643,303,376,904,444,502,371,981,1249,645,916,857,546,762,579,50380,48688,47037,47425,0.055861939,0.055485189,0.092907801,0.071177267,0.062381275,0.060341477,0.09672337,0.069460727,0.039215688,0.033084612,0.05437585,0.059243161,0.061768264,0.053820375,0.097243629,0.09425988,37634,48463,66615,70178,38066.69531,53206.38672,67027.21875,73229.89844,0.332267046,0.285678655,0.640734375,0.371635616,0.362274975,0.316654235,0.534466982,0.417152345,0.004188713,0.006446101,0.004772234,0.008558741,0.012029119,0.01382364,0.024621163,0.02585572,0.138630599,0.075435206,0.093521126,0.052878179,0.107590705,0.094508201,0.052006546,0.037587557,0.090611354,0.144963846,0.185152188,0.207337901,0.223469526,0.306143045,0.376948535,0.403121889,0.138731658,0.199703366,0.225525677,0.3133955,0.187675998,0.210314468,0.214844003,0.217311203,0.034910195,0.062381826,0.115460604,0.096415147,0.078955598,0.110199019,0.116873026,0.10058634,-0.036974251,0.043055534,0.006715477,-0.025694489,0.128723502,0.151819706,0.135321572,0.121936381,1
Norwich,CT,459,1032,899,970,585,941,1005,974,601,700,615,611,307,578,808,628,37391,36117,40493,39875,0.073488571,0.056420442,0.105577335,0.090166993,0.062381275,0.060341477,0.09672337,0.069460727,0.086328313,0.07740964,0.108176164,0.149113834,0.061768264,0.053820375,0.097243629,0.09425988,37152,49155,63182,62381,38066.69531,53206.38672,67027.21875,73229.89844,0.373588443,0.300617099,0.560242593,0.38692987,0.362274975,0.316654235,0.534466982,0.417152345,0.00319904,0.011993023,0.016195554,0.018553859,0.012029119,0.01382364,0.024621163,0.02585572,0.195578232,0.145454541,0.044582684,0.033096928,0.107590705,0.094508201,0.052006546,0.037587557,0.101762459,0.195558876,0.333192796,0.380840123,0.223469526,0.306143045,0.376948535,0.403121889,0.234940141,0.276020944,0.169361711,0.257060915,0.187675998,0.210314468,0.214844003,0.217311203,0.05837658,0.13836506,0.13809897,0.106223881,0.078955598,0.110199019,0.116873026,0.10058634,0.080325186,0.085682869,0.081752241,0.089969873,0.128723502,0.151819706,0.135321572,0.121936381,1
Keene,NH,864,497,970,679,546,446,,,789,132,999,524,1096,317,1141,672,22430,22563,23409,23204,0.064196534,0.108471401,0.114712253,0.042380877,0.062381275,0.060341477,0.09672337,0.069460727,0.047619049,0.02937063,0.077493057,0.069460958,0.061768264,0.053820375,0.097243629,0.09425988,38391,49935,74712,74207,38066.69531,53206.38672,67027.21875,73229.89844,0.386414617,0.320273966,0.547335744,0.421649724,0.362274975,0.316654235,0.534466982,0.417152345,0.007920045,0.007068526,0.003957509,0.006862745,0.012029119,0.01382364,0.024621163,0.02585572,0.039957941,0.042674255,0.004196255,0.007000737,0.107590705,0.094508201,0.052006546,0.037587557,0.016451182,0.028675266,0.052674334,0.087657303,0.223469526,0.306143045,0.376948535,0.403121889,0.291790783,0.214190781,0.188804924,0.372997671,0.187675998,0.210314468,0.214844003,0.217311203,0.006986961,0.126543462,0.186519817,0.023520365,0.078955598,0.110199019,0.116873026,0.10058634,0.060240149,,0.02081126,0.085539997,0.128723502,0.151819706,0.135321572,0.121936381,1
Concord,NH,580,559,339,341,1111,294,1216,675,1182,359,1079,758,1113,229,1222,686,36006,40687,42695,42717,0.062319826,0.03698267,0.073011227,0.045274377,0.062381275,0.060341477,0.09672337,0.069460727,0.089252725,0.027960429,0.054191634,0.075504258,0.061768264,0.053820375,0.097243629,0.09425988,39531,52418,72879,82193,38066.69531,53206.38672,67027.21875,73229.89844,0.359818399,0.264447659,0.589477539,0.393659174,0.362274975,0.316654235,0.534466982,0.417152345,0.004745226,0.005949939,0.00189981,0.00506304,0.012029119,0.01382364,0.024621163,0.02585572,0.09354648,0.062734582,0.026719445,0.010971786,0.107590705,0.094508201,0.052006546,0.037587557,0.025190245,0.05414506,0.086141184,0.112437673,0.223469526,0.306143045,0.376948535,0.403121889,0.191839963,0.257903665,0.262503475,0.237533391,0.187675998,0.210314468,0.214844003,0.217311203,-0.043641381,0.16322425,0.147932529,0.054675341,0.078955598,0.110199019,0.116873026,0.10058634,-0.02243048,0.104829311,0.048162818,0.209281623,0.128723502,0.151819706,0.135321572,0.121936381,1
Bangor,ME,652,629,311,370,698,714,678,602,909,1024,902,932,550,923,609,700,33181,31473,33039,32237,0.058913004,0.055434387,0.071582407,0.073551394,0.062381275,0.060341477,0.09672337,0.069460727,0.063900881,0.050044559,0.076733314,0.106563114,0.061768264,0.053820375,0.097243629,0.09425988,32156,42047,54391,60894,38066.69531,53206.38672,67027.21875,73229.89844,0.352461576,0.351753771,0.51184833,0.474029601,0.362274975,0.316654235,0.534466982,0.417152345,0.007561671,0.007237471,0.02891738,0.027479606,0.012029119,0.01382364,0.024621163,0.02585572,0.099950023,0.07899902,0.074805193,0.019903174,0.107590705,0.094508201,0.052006546,0.037587557,0.033151504,0.056206908,0.065266155,0.095511369,0.223469526,0.306143045,0.376948535,0.403121889,0.197015703,0.23600243,0.164029747,0.265912563,0.187675998,0.210314468,0.214844003,0.217311203,-0.051680028,0.11687921,0.170506746,0.007408336,0.078955598,0.110199019,0.116873026,0.10058634,-0.031131923,-0.052459061,0.03125757,0.017000735,0.128723502,0.151819706,0.135321572,0.121936381,1
Everett,MA,667,458,444,347,989,845,647,654,813,475,229,241,728,1325,213,704,35701,38037,41667,45212,0.076020353,0.049676813,0.089251049,0.072304159,0.062381275,0.060341477,0.09672337,0.069460727,0.056499742,0.028350515,0.076881267,0.065847814,0.061768264,0.053820375,0.097243629,0.09425988,37397,49876,58403,61190,38066.69531,53206.38672,67027.21875,73229.89844,0.370985299,0.325573266,0.521201432,0.475380689,0.362274975,0.316654235,0.534466982,0.417152345,0.005008347,0.007492196,0.009868746,0.016827587,0.012029119,0.01382364,0.024621163,0.02585572,0.060248081,0.12928611,0.055132229,0.098765433,0.107590705,0.094508201,0.052006546,0.037587557,0.088344865,0.248442307,0.402513146,0.541006804,0.223469526,0.306143045,0.376948535,0.403121889,0.203924954,0.16456005,0.067139208,0.079985499,0.187675998,0.210314468,0.214844003,0.217311203,0.019950405,0.096147738,0.036644019,0.01516448,0.078955598,0.110199019,0.116873026,0.10058634,-0.031419158,0.155479848,0.135113478,0.164886296,0.128723502,0.151819706,0.135321572,0.121936381,1
Central Falls,RI,118,1511,467,1274,206,1384,241,771,228,1497,253,920,140,1413,127,706,17637,18928,19376,19395,0.098842166,0.081721529,0.106589802,0.105246216,0.062381275,0.060341477,0.09672337,0.069460727,0.093771294,0.078129299,0.155388147,0.136798903,0.061768264,0.053820375,0.097243629,0.09425988,23415,26844,35222,33139,38066.69531,53206.38672,67027.21875,73229.89844,0.430139929,0.332053363,0.549960017,0.475517094,0.362274975,0.316654235,0.534466982,0.417152345,0.016250858,0.02394939,0.047940582,0.060661346,0.012029119,0.01382364,0.024621163,0.02585572,0.298245609,0.182994455,0.119918697,0.048107255,0.107590705,0.094508201,0.052006546,0.037587557,0.351533711,0.599693596,0.735315382,0.795514286,0.223469526,0.306143045,0.376948535,0.403121889,0.149538368,0.160952508,0.124681875,0.149861455,0.187675998,0.210314468,0.214844003,0.217311203,0.131569609,0.112315163,0.063289315,0.034437567,0.078955598,0.110199019,0.116873026,0.10058634,0.055633157,0.085397631,0.206021965,0.113572836,0.128723502,0.151819706,0.135321572,0.121936381,1
Augusta,ME,692,674,403,462,533,747,652,598,675,1177,387,669,453,119,1389,774,21325,18560,19136,18626,0.054046638,0.04815096,0.088124998,0.072694659,0.062381275,0.060341477,0.09672337,0.069460727,0.066966154,0.080168776,0.090121843,0.131354213,0.061768264,0.053820375,0.097243629,0.09425988,33288,42230,49991,58125,38066.69531,53206.38672,67027.21875,73229.89844,0.370487094,0.314455241,0.521844685,0.35164243,0.362274975,0.316654235,0.534466982,0.417152345,0.005127266,0.011099253,0.02842319,0.010996724,0.012029119,0.01382364,0.024621163,0.02585572,0.107445806,0.095854923,0.090387374,0,0.107590705,0.094508201,0.052006546,0.037587557,0.021336459,0.044181034,0.059042331,0.069150649,0.223469526,0.306143045,0.376948535,0.403121889,0.15176478,0.224642426,0.082741886,0.084432155,0.187675998,0.210314468,0.214844003,0.217311203,-0.037511081,0.11936596,0.13433063,0.176858157,0.078955598,0.110199019,0.116873026,0.10058634,0.042350411,-0.064848542,-0.048795104,0.275310099,0.128723502,0.151819706,0.135321572,0.121936381,1
Manchester,NH,496,941,727,802,1058,703,1273,1038,912,903,1135,1060,912,506,1101,785,99567,107006,109565,110601,0.07088308,0.038146764,0.079891965,0.055006895,0.062381275,0.060341477,0.09672337,0.069460727,0.088501163,0.030528197,0.087375656,0.073438667,0.061768264,0.053820375,0.097243629,0.09425988,38812,50039,65725,67097,38066.69531,53206.38672,67027.21875,73229.89844,0.3740637,0.271681368,0.571460605,0.399626553,0.362274975,0.316654235,0.534466982,0.417152345,0.005878176,0.007076548,0.0188145,0.014677556,0.012029119,0.01382364,0.024621163,0.02585572,0.158736423,0.146058574,0.055928018,0.026164519,0.107590705,0.094508201,0.052006546,0.037587557,0.043558609,0.106769711,0.17947644,0.205224186,0.223469526,0.306143045,0.376948535,0.403121889,0.261157036,0.273148119,0.227197289,0.234158307,0.187675998,0.210314468,0.214844003,0.217311203,0.025213338,0.179214329,0.137042001,0.115393758,0.078955598,0.110199019,0.116873026,0.10058634,-0.024862945,0.125510812,0.160572767,0.127209663,0.128723502,0.151819706,0.135321572,0.121936381,1
Dover,NH,663,785,746,721,1240,512,796,553,1229,781,809,763,1264,440,1164,791,25042,26884,29987,30901,0.057962045,0.030863022,0.06544546,0.044189129,0.062381275,0.060341477,0.09672337,0.069460727,0.078712299,0.023482053,0.055840626,0.050449803,0.061768264,0.053820375,0.097243629,0.09425988,38281,57050,72797,86475,38066.69531,53206.38672,67027.21875,73229.89844,0.371778876,0.253229022,0.583347201,0.338161826,0.362274975,0.316654235,0.534466982,0.417152345,0.009671793,0.006436781,0,0.00828102,0.012029119,0.01382364,0.024621163,0.02585572,0.107382551,0.118786857,0.077485383,0.054131053,0.107590705,0.094508201,0.052006546,0.037587557,0.034142639,0.06200714,0.080510311,0.111258537,0.223469526,0.306143045,0.376948535,0.403121889,0.221090704,0.236920863,0.282417178,0.256898016,0.187675998,0.210314468,0.214844003,0.217311203,-0.016502813,0.037211284,-0.022266895,0.092267118,0.078955598,0.110199019,0.116873026,0.10058634,0.078123271,0.131278694,0.126870275,0.124338329,0.128723502,0.151819706,0.135321572,0.121936381,1
Pawtucket,RI,553,1207,1198,1231,511,864,1123,1005,419,1338,865,1154,281,1004,673,805,72644,72958,71148,71770,0.079921037,0.071422577,0.11449378,0.105155744,0.062381275,0.060341477,0.09672337,0.069460727,0.059244029,0.053458624,0.107855171,0.108404584,0.061768264,0.053820375,0.097243629,0.09425988,33679,39038,50062,51875,38066.69531,53206.38672,67027.21875,73229.89844,0.368670017,0.295932502,0.566951036,0.382135481,0.362274975,0.316654235,0.534466982,0.417152345,0.010277546,0.012366346,0.019207405,0.034543533,0.012029119,0.01382364,0.024621163,0.02585572,0.201798767,0.130021721,0.117859289,0.055344071,0.107590705,0.094508201,0.052006546,0.037587557,0.145875782,0.308698148,0.420360446,0.511090994,0.223469526,0.306143045,0.376948535,0.403121889,0.289819092,0.280252695,0.255289376,0.254937559,0.187675998,0.210314468,0.214844003,0.217311203,0.054279864,0.160305232,0.129707575,0.10895507,0.078955598,0.110199019,0.116873026,0.10058634,0.182723999,0.160837412,0.131423175,0.090591669,0.128723502,0.151819706,0.135321572,0.121936381,1
Hartford,CT,145,1333,673,1036,9,1499,435,1200,43,1104,363,594,41,1193,495,811,139739,121578,124775,124390,0.107403509,0.159207627,0.192928568,0.160191834,0.062381275,0.060341477,0.09672337,0.069460727,0.08191023,0.108640708,0.152947471,0.146640345,0.061768264,0.053820375,0.097243629,0.09425988,24774,27051,33660,37830,38066.69531,53206.38672,67027.21875,73229.89844,0.45132041,0.399697423,0.458045304,0.478619397,0.362274975,0.316654235,0.534466982,0.417152345,0.009328891,0.024878884,0.033151664,0.027209861,0.012029119,0.01382364,0.024621163,0.02585572,0.177661732,0.201232776,0.100450568,0.055673607,0.107590705,0.094508201,0.052006546,0.037587557,0.695045769,0.821702957,0.832854211,0.852046013,0.223469526,0.306143045,0.376948535,0.403121889,0.181303084,0.192282617,0.190495044,0.184090823,0.187675998,0.210314468,0.214844003,0.217311203,0.240890592,0.180221245,0.14364475,0.14275524,0.078955598,0.110199019,0.116873026,0.10058634,0.163033962,0.174492955,0.146675766,0.168077111,0.128723502,0.151819706,0.135321572,0.121936381,1
Brockton,MA,457,1196,1161,1213,803,946,824,832,402,656,597,583,502,984,702,824,92788,94304,93810,95161,0.092464164,0.067075841,0.141144767,0.097417884,0.062381275,0.060341477,0.09672337,0.069460727,0.069849618,0.032121021,0.084847651,0.076649554,0.061768264,0.053820375,0.097243629,0.09425988,38544,46235,57335,61947,38066.69531,53206.38672,67027.21875,73229.89844,0.414152384,0.322643876,0.475114733,0.450740993,0.362274975,0.316654235,0.534466982,0.417152345,0.006739933,0.010118785,0.021527106,0.021344233,0.012029119,0.01382364,0.024621163,0.02585572,0.182495341,0.137807861,0.070816129,0.047552727,0.107590705,0.094508201,0.052006546,0.037587557,0.225276977,0.417818964,0.546019852,0.634020269,0.223469526,0.306143045,0.376948535,0.403121889,0.256572992,0.241174251,0.25956589,0.243212312,0.187675998,0.210314468,0.214844003,0.217311203,0.126820683,0.126072228,0.087944455,0.108466007,0.078955598,0.110199019,0.116873026,0.10058634,0.161721349,0.179238498,0.1403687,0.161465228,0.128723502,0.151819706,0.135321572,0.121936381,1
Providence,RI,109,1195,902,1066,202,1363,851,1227,140,1100,854,938,219,1100,634,852,160728,173618,178042,179509,0.091958851,0.093278766,0.147453114,0.096901968,0.062381275,0.060341477,0.09672337,0.069460727,0.116208039,0.076242365,0.14549467,0.145279244,0.061768264,0.053820375,0.097243629,0.09425988,28342,32058,43378,47990,38066.69531,53206.38672,67027.21875,73229.89844,0.45138517,0.37453106,0.511767685,0.427311122,0.362274975,0.316654235,0.534466982,0.417152345,0.009274182,0.027468428,0.035335485,0.041193541,0.012029119,0.01382364,0.024621163,0.02585572,0.136942178,0.116761312,0.068515964,0.038049623,0.107590705,0.094508201,0.052006546,0.037587557,0.354823053,0.542380393,0.625512838,0.656513035,0.223469526,0.306143045,0.376948535,0.403121889,0.194822282,0.194659397,0.191766709,0.172672689,0.187675998,0.210314468,0.214844003,0.217311203,0.156176865,0.190288439,0.157531515,0.134646758,0.078955598,0.110199019,0.116873026,0.10058634,0.155965686,0.21398145,0.236541808,0.171741366,0.128723502,0.151819706,0.135321572,0.121936381,1
Bridgeport,CT,223,1327,861,1140,215,1309,436,861,154,937,368,529,94,1302,411,864,141686,139529,144229,147586,0.106348567,0.105066195,0.157751501,0.137800723,0.062381275,0.060341477,0.09672337,0.069460727,0.084370196,0.072268106,0.130842239,0.133903384,0.061768264,0.053820375,0.097243629,0.09425988,33090,39571,46573,50356,38066.69531,53206.38672,67027.21875,73229.89844,0.44436717,0.38210988,0.443608224,0.526258409,0.362274975,0.316654235,0.534466982,0.417152345,0.006117349,0.016736275,0.031722438,0.020896889,0.012029119,0.01382364,0.024621163,0.02585572,0.200743496,0.149019122,0.094519272,0.065873638,0.107590705,0.094508201,0.052006546,0.037587557,0.543645799,0.690687954,0.766016364,0.785867214,0.223469526,0.306143045,0.376948535,0.403121889,0.282901198,0.254371911,0.231661588,0.217568219,0.187675998,0.210314468,0.214844003,0.217311203,0.163066998,0.118094154,0.096954212,0.103053674,0.078955598,0.110199019,0.116873026,0.10058634,0.133294702,0.12803793,0.138850987,0.12962538,0.128723502,0.151819706,0.135321572,0.121936381,1
Fall River,MA,255,1022,305,597,394,886,1305,1178,161,1266,1355,1395,270,567,1165,873,92703,91938,88857,89258,0.099666514,0.069711819,0.152758136,0.102174968,0.062381275,0.060341477,0.09672337,0.069460727,0.074551083,0.071577035,0.129035234,0.110878274,0.061768264,0.053820375,0.097243629,0.09425988,28972,37671,43960,48078,38066.69531,53206.38672,67027.21875,73229.89844,0.346660614,0.270725608,0.557548463,0.392142683,0.362274975,0.316654235,0.534466982,0.417152345,0.005441959,0.009725087,0.016610529,0.018845012,0.012029119,0.01382364,0.024621163,0.02585572,0.203483924,0.172043011,0.113273919,0.028871391,0.107590705,0.094508201,0.052006546,0.037587557,0.042166919,0.105114318,0.159990564,0.220204353,0.223469526,0.306143045,0.376948535,0.403121889,0.140619978,0.232796118,0.294877112,0.280876935,0.187675998,0.210314468,0.214844003,0.217311203,0.030739859,0.27654624,0.274192661,0.19441767,0.078955598,0.110199019,0.116873026,0.10058634,-0.062134236,0.040352464,0.028477132,0.024776399,0.128723502,0.151819706,0.135321572,0.121936381,1
Burlington,VT,857,759,448,548,966,798,907,809,1113,118,1250,694,1146,965,810,882,39127,38889,42417,42453,0.063266128,0.054173872,0.082987718,0.058081012,0.062381275,0.060341477,0.09672337,0.069460727,0.043475453,0.020433059,0.039089646,0.033912573,0.061768264,0.053820375,0.097243629,0.09425988,35943,46012,66429,77420,38066.69531,53206.38672,67027.21875,73229.89844,0.438472062,0.389608949,0.466666669,0.502435386,0.362274975,0.316654235,0.534466982,0.417152345,0.008386916,0.01067116,0.017762771,0.033956926,0.012029119,0.01382364,0.024621163,0.02585572,0.053347733,0.044237137,0.009167584,0.002449265,0.107590705,0.094508201,0.052006546,0.037587557,0.040457997,0.085345469,0.133107737,0.172920644,0.223469526,0.306143045,0.376948535,0.403121889,0.22189787,0.219378233,0.211122259,0.194212914,0.187675998,0.210314468,0.214844003,0.217311203,-0.024635047,0.082373455,0.152459398,-0.010987982,0.078955598,0.110199019,0.116873026,0.10058634,-0.024864554,0.152261436,0.187576771,0.20403862,0.128723502,0.151819706,0.135321572,0.121936381,1
Worcester,MA,438,736,1462,1294,665,586,1375,1060,551,574,1157,927,595,824,984,911,169759,172648,181045,184743,0.082821347,0.062794864,0.107692145,0.074837893,0.062381275,0.060341477,0.09672337,0.069460727,0.076684549,0.047777951,0.101353265,0.092828952,0.061768264,0.053820375,0.097243629,0.09425988,36261,42988,55894,60747,38066.69531,53206.38672,67027.21875,73229.89844,0.393721104,0.309066087,0.554512918,0.447085202,0.362274975,0.316654235,0.534466982,0.417152345,0.004971187,0.010067452,0.019255487,0.023796491,0.012029119,0.01382364,0.024621163,0.02585572,0.105592251,0.06554798,0.028319882,0.025744759,0.107590705,0.094508201,0.052006546,0.037587557,0.166960225,0.292137772,0.38323608,0.428898513,0.223469526,0.306143045,0.376948535,0.403121889,0.345881671,0.315403342,0.302769423,0.271922201,0.187675998,0.210314468,0.214844003,0.217311203,0.212423474,0.203018606,0.165330887,0.111056045,0.078955598,0.110199019,0.116873026,0.10058634,0.207055867,0.202544093,0.153113246,0.149872243,0.128723502,0.151819706,0.135321572,0.121936381,1
Auburn,ME,593,532,359,334,736,640,,,845,582,1536,1424,904,778,1067,930,24309,23203,23055,22941,0.067389369,0.047521338,0.076445788,0.044393104,0.062381275,0.060341477,0.09672337,0.069460727,0.065539114,0.057786576,0.097014256,0.086672194,0.061768264,0.053820375,0.097243629,0.09425988,32735,44012,61294,62753,38066.69531,53206.38672,67027.21875,73229.89844,0.33770135,0.254152,0.629329383,0.378262937,0.362274975,0.316654235,0.534466982,0.417152345,0.005884175,0.011239725,0.01559322,0.018144472,0.012029119,0.01382364,0.024621163,0.02585572,0.098664686,0.119873814,0,0.059082892,0.107590705,0.094508201,0.052006546,0.037587557,0.019334404,0.034823082,0.072454989,0.095593043,0.223469526,0.306143045,0.376948535,0.403121889,0.189435065,0.21182096,0.423704028,0.166022629,0.187675998,0.210314468,0.214844003,0.217311203,-0.063116483,0.180496305,0.254881144,0.146091372,0.078955598,0.110199019,0.116873026,0.10058634,0.00936234,,0.123177886,0.095346272,0.128723502,0.151819706,0.135321572,0.121936381,1
Lowell,MA,263,1099,1452,1393,758,1002,1077,1066,649,1200,942,1056,621,894,980,945,103439,105167,106519,110964,0.107100487,0.065558687,0.101604186,0.084456019,0.062381275,0.060341477,0.09672337,0.069460727,0.08046747,0.037828114,0.095017515,0.060835402,0.061768264,0.053820375,0.097243629,0.09425988,35138,45901,59410,57091,38066.69531,53206.38672,67027.21875,73229.89844,0.413624674,0.298766285,0.597959161,0.451931208,0.362274975,0.316654235,0.534466982,0.417152345,0.006799398,0.01414608,0.014522397,0.019405924,0.012029119,0.01382364,0.024621163,0.02585572,0.158879951,0.147876322,0.085140996,0.03873584,0.107590705,0.094508201,0.052006546,0.037587557,0.234669715,0.374708802,0.47047472,0.508696496,0.223469526,0.306143045,0.376948535,0.403121889,0.328984976,0.281879187,0.269831091,0.244266152,0.187675998,0.210314468,0.214844003,0.217311203,0.241535172,0.148119628,0.105443738,0.149442494,0.078955598,0.110199019,0.116873026,0.10058634,0.207558662,0.185771346,0.194159031,0.156623542,0.128723502,0.151819706,0.135321572,0.121936381,1
New Britain,CT,549,859,1318,1161,253,1067,1022,1085,249,758,1015,881,371,895,1043,992,75491,71538,73206,73069,0.078575194,0.089425534,0.148615003,0.086580813,0.062381275,0.060341477,0.09672337,0.069460727,0.065965675,0.08127968,0.10585428,0.111100726,0.061768264,0.053820375,0.097243629,0.09425988,35711,41056,47032,51265,38066.69531,53206.38672,67027.21875,73229.89844,0.365655661,0.31463933,0.501954079,0.405695111,0.362274975,0.316654235,0.534466982,0.417152345,0.004194191,0.01578209,0.026540946,0.019369056,0.012029119,0.01382364,0.024621163,0.02585572,0.157755941,0.141647592,0.05754213,0.057776749,0.107590705,0.094508201,0.052006546,0.037587557,0.252824843,0.41173923,0.530948281,0.576879382,0.223469526,0.306143045,0.376948535,0.403121889,0.333914101,0.29164958,0.297027797,0.266734272,0.187675998,0.210314468,0.214844003,0.217311203,0.190120161,0.178846955,0.17213738,0.184150219,0.078955598,0.110199019,0.116873026,0.10058634,0.12012738,0.120815635,0.140898764,0.139916599,0.128723502,0.151819706,0.135321572,0.121936381,1
Biddeford,ME,651,707,464,525,895,969,,,694,504,965,725,600,289,1459,1037,20710,20942,21277,21413,0.063529409,0.047017097,0.067154758,0.053510346,0.062381275,0.060341477,0.09672337,0.069460727,0.063860349,0.03623715,0.137872502,0.129393786,0.061768264,0.053820375,0.097243629,0.09425988,33984,44109,58692,58527,38066.69531,53206.38672,67027.21875,73229.89844,0.390701711,0.338131189,0.524151027,0.401176482,0.362274975,0.316654235,0.534466982,0.417152345,0.008641294,0.008889729,0.019607844,0.014376668,0.012029119,0.01382364,0.024621163,0.02585572,0.079494797,0.135948911,0.034901366,0,0.107590705,0.094508201,0.052006546,0.037587557,0.01897634,0.03796199,0.052035034,0.108719006,0.223469526,0.306143045,0.376948535,0.403121889,0.279842645,0.263246655,0.25918749,0.396460414,0.187675998,0.210314468,0.214844003,0.217311203,-0.069975778,0.246064544,0.067470208,0.217653409,0.078955598,0.110199019,0.116873026,0.10058634,-0.046495795,,0.08249867,0.02029717,0.128723502,0.151819706,0.135321572,0.121936381,1
Danbury,CT,1070,243,1269,748,1169,580,1098,760,974,621,932,766,745,783,1187,1061,65585,74848,80893,84573,0.053987566,0.039503332,0.080890946,0.074526913,0.062381275,0.060341477,0.09672337,0.069460727,0.062967248,0.033626705,0.092584573,0.090820014,0.061768264,0.053820375,0.097243629,0.09425988,51144,61899,74932,78392,38066.69531,53206.38672,67027.21875,73229.89844,0.296174616,0.264900059,0.548585713,0.446265787,0.362274975,0.316654235,0.534466982,0.417152345,0.004882696,0.009148021,0.016047563,0.016513389,0.012029119,0.01382364,0.024621163,0.02585572,0.073561095,0.107320912,0.042788878,0.034757718,0.107590705,0.094508201,0.052006546,0.037587557,0.181703135,0.319353878,0.4138816,0.484350801,0.223469526,0.306143045,0.376948535,0.403121889,0.334094971,0.322869807,0.311714619,0.318155259,0.187675998,0.210314468,0.214844003,0.217311203,0.081854448,0.091305785,0.059778482,0.099161021,0.078955598,0.110199019,0.116873026,0.10058634,0.169428408,0.207621157,0.183009624,0.219385147,0.128723502,0.151819706,0.135321572,0.121936381,1
Salem,MA,626,503,1422,1084,987,379,1352,875,820,342,1429,1101,1109,331,1470,1095,38091,40407,41340,43146,0.072885215,0.053926703,0.102789238,0.056096878,0.062381275,0.060341477,0.09672337,0.069460727,0.074879088,0.033617608,0.063356258,0.0569617,0.061768264,0.053820375,0.097243629,0.09425988,40777,55635,62914,83249,38066.69531,53206.38672,67027.21875,73229.89844,0.343994766,0.286800534,0.583187222,0.39122507,0.362274975,0.316654235,0.534466982,0.417152345,0.003888597,0.00625641,0.003777823,0.004159903,0.012029119,0.01382364,0.024621163,0.02585572,0.099736147,0.059746835,0.02368932,0.025373811,0.107590705,0.094508201,0.052006546,0.037587557,0.098264679,0.176454574,0.257270485,0.281671524,0.223469526,0.306143045,0.376948535,0.403121889,0.350232333,0.336609364,0.304850876,0.319483876,0.187675998,0.210314468,0.214844003,0.217311203,0.136723191,0.136798233,0.175401241,0.200221777,0.078955598,0.110199019,0.116873026,0.10058634,0.175353348,0.204784989,0.238309622,0.186015964,0.128723502,0.151819706,0.135321572,0.121936381,1
Portland,ME,624,938,837,882,928,576,1406,1113,965,872,1537,1487,905,227,1506,1109,64358,64249,66194,66715,0.067653634,0.048225068,0.066067137,0.047542002,0.062381275,0.060341477,0.09672337,0.069460727,0.065829419,0.037568264,0.091471501,0.107088946,0.061768264,0.053820375,0.097243629,0.09425988,34837,48763,62479,76615,38066.69531,53206.38672,67027.21875,73229.89844,0.402647257,0.315729588,0.536369503,0.399899691,0.362274975,0.316654235,0.534466982,0.417152345,0.006680613,0.008997805,0.021483524,0.006043874,0.012029119,0.01382364,0.024621163,0.02585572,0.129990414,0.063400574,0.064504631,0.006185567,0.107590705,0.094508201,0.052006546,0.037587557,0.039917339,0.094133765,0.164097533,0.189042941,0.223469526,0.306143045,0.376948535,0.403121889,0.19036983,0.230446786,0.262873113,0.25626722,0.187675998,0.210314468,0.214844003,0.217311203,0.007662877,0.240668118,0.287947685,0.251569122,0.078955598,0.110199019,0.116873026,0.10058634,0.135819852,0.190442443,0.272184968,0.187411249,0.128723502,0.151819706,0.135321572,0.121936381,1
Chelsea,MA,107,1251,1322,1344,563,1392,474,1015,518,1110,869,965,956,1322,660,1123,28710,35080,35177,39272,0.120725088,0.073107235,0.116038039,0.054606065,0.062381275,0.060341477,0.09672337,0.069460727,0.08769656,0.034692388,0.076739185,0.043599188,0.061768264,0.053820375,0.097243629,0.09425988,29039,32130,46766,55790,38066.69531,53206.38672,67027.21875,73229.89844,0.412971258,0.37293601,0.510264277,0.408494949,0.362274975,0.316654235,0.534466982,0.417152345,0.004458794,0.017434295,0.030454041,0.02715895,0.012029119,0.01382364,0.024621163,0.02585572,0.210565478,0.189812332,0.081292339,0.108091787,0.107590705,0.094508201,0.052006546,0.037587557,0.41031,0.617331803,0.748670042,0.78050518,0.223469526,0.306143045,0.376948535,0.403121889,0.224182546,0.18136251,0.196424767,0.180347294,0.187675998,0.210314468,0.214844003,0.217311203,0.276355386,0.091345131,0.109448478,0.093895979,0.078955598,0.110199019,0.116873026,0.10058634,0.241757959,0.250763863,0.34816426,0.270901501,0.128723502,0.151819706,0.135321572,0.121936381,1
Westbrook,ME,1005,895,204,451,1151,441,,,1032,1536,1554,1563,1041,742,1304,1141,16121,16142,17494,18156,0.049732558,0.023878859,0.084029116,0.053677544,0.062381275,0.060341477,0.09672337,0.069460727,0.038234849,0.027366342,0.049562681,0.059771188,0.061768264,0.053820375,0.097243629,0.09425988,35436,47120,62736,72047,38066.69531,53206.38672,67027.21875,73229.89844,0.422250867,0.261750102,0.518341899,0.482898742,0.362274975,0.316654235,0.534466982,0.417152345,0.006038918,0.01209865,0.012175874,0.013891951,0.012029119,0.01382364,0.024621163,0.02585572,0.108836204,0.062261753,0.248192772,0.020737328,0.107590705,0.094508201,0.052006546,0.037587557,0.019415669,0.039028622,0.084452316,0.098424762,0.223469526,0.306143045,0.376948535,0.403121889,0.2139301,0.130782485,0.374335855,0.279405117,0.187675998,0.210314468,0.214844003,0.217311203,-0.075766146,0.185676053,0.312603414,0.0907069,0.078955598,0.110199019,0.116873026,0.10058634,-0.095336318,,0.220416307,0.166204095,0.128723502,0.151819706,0.135321572,0.121936381,1
Lawrence,MA,36,1461,1423,1472,421,1391,850,1257,484,1248,1053,1189,337,1373,615,1152,70207,72043,76377,79497,0.150129244,0.084410973,0.113127977,0.108163618,0.062381275,0.060341477,0.09672337,0.069460727,0.09745495,0.041951485,0.063788615,0.06258627,0.061768264,0.053820375,0.097243629,0.09425988,26398,31809,35862,41776,38066.69531,53206.38672,67027.21875,73229.89844,0.487958848,0.367693871,0.464081079,0.475538611,0.362274975,0.316654235,0.534466982,0.417152345,0.011807072,0.023573786,0.039675236,0.046064109,0.012029119,0.01382364,0.024621163,0.02585572,0.210752681,0.15807341,0.10508123,0.061725967,0.107590705,0.094508201,0.052006546,0.037587557,0.453031749,0.658967555,0.796347499,0.844660819,0.223469526,0.306143045,0.376948535,0.403121889,0.28648895,0.254190028,0.315899491,0.268760175,0.187675998,0.210314468,0.214844003,0.217311203,0.286676705,0.169987082,0.206915349,0.064894944,0.078955598,0.110199019,0.116873026,0.10058634,0.273629099,0.230625421,0.209519625,0.234760523,0.128723502,0.151819706,0.135321572,0.121936381,1
Lynn,MA,293,1143,1449,1401,831,914,1125,1049,593,978,1154,1118,930,1123,1017,1157,81245,89050,90329,93069,0.093599156,0.062114622,0.116272621,0.063415721,0.062381275,0.060341477,0.09672337,0.069460727,0.088289589,0.030545371,0.071099333,0.045053132,0.061768264,0.053820375,0.097243629,0.09425988,35830,45295,52670,63332,38066.69531,53206.38672,67027.21875,73229.89844,0.413105786,0.341898739,0.510715306,0.461247623,0.362274975,0.316654235,0.534466982,0.417152345,0.004769002,0.012099442,0.028535865,0.026236359,0.012029119,0.01382364,0.024621163,0.02585572,0.18261905,0.103877552,0.071046315,0.052149851,0.107590705,0.094508201,0.052006546,0.037587557,0.197907567,0.375294775,0.520211995,0.621227264,0.223469526,0.306143045,0.376948535,0.403121889,0.343372703,0.312572271,0.331181109,0.318494588,0.187675998,0.210314468,0.214844003,0.217311203,0.20954442,0.115611166,0.135711387,0.07928519,0.078955598,0.110199019,0.116873026,0.10058634,0.202718079,0.227396965,0.216237485,0.230696857,0.128723502,0.151819706,0.135321572,0.121936381,1
Bristol,CT,1147,351,971,593,1006,222,1163,596,1016,652,1426,1238,884,775,1326,1180,60640,60062,60477,60498,0.052535195,0.046107307,0.094137609,0.069016106,0.062381275,0.060341477,0.09672337,0.069460727,0.039817519,0.044287082,0.060682774,0.077172212,0.061768264,0.053820375,0.097243629,0.09425988,45631,58259,74185,80322,38066.69531,53206.38672,67027.21875,73229.89844,0.304681599,0.240591541,0.612505913,0.407846481,0.362274975,0.316654235,0.534466982,0.417152345,0.001432836,0.006411442,0.009652509,0.009197547,0.012029119,0.01382364,0.024621163,0.02585572,0.11456573,0.064846419,0.027742749,0.061940812,0.107590705,0.094508201,0.052006546,0.037587557,0.056315962,0.107422329,0.166837454,0.231925026,0.223469526,0.306143045,0.376948535,0.403121889,0.269260228,0.334306151,0.412076414,0.398922861,0.187675998,0.210314468,0.214844003,0.217311203,0.06237442,0.117958993,0.171318457,0.127711385,0.078955598,0.110199019,0.116873026,0.10058634,0.042751014,0.077983081,0.103665829,0.083479464,0.128723502,0.151819706,0.135321572,0.121936381,1
Torrington,CT,984,525,710,542,837,602,1329,1008,715,764,905,812,552,758,1341,1190,33687,35202,36383,35078,0.05104471,0.04717904,0.09619198,0.078293651,0.062381275,0.060341477,0.09672337,0.069460727,0.058175582,0.060320802,0.106195726,0.127939627,0.061768264,0.053820375,0.097243629,0.09425988,43081,54375,67034,77329,38066.69531,53206.38672,67027.21875,73229.89844,0.348432839,0.301279396,0.523535252,0.375487238,0.362274975,0.316654235,0.534466982,0.417152345,0.000859291,0.004051686,0.012489233,0.00209159,0.012029119,0.01382364,0.024621163,0.02585572,0.117903933,0.110831231,0.078076199,0.085801065,0.107590705,0.094508201,0.052006546,0.037587557,0.040638823,0.085279249,0.142167285,0.175323561,0.223469526,0.306143045,0.376948535,0.403121889,0.204700023,0.276200384,0.142690301,0.34229815,0.187675998,0.210314468,0.214844003,0.217311203,-0.006889537,0.17442067,0.094296761,0.07693626,0.078955598,0.110199019,0.116873026,0.10058634,0.076248109,0.155707121,0.174590707,0.180202901,0.128723502,0.151819706,0.135321572,0.121936381,1
Taunton,MA,495,800,1236,1052,1024,645,993,744,693,713,1326,1138,1002,872,1297,1196,49832,55976,55874,56826,0.088215612,0.042623505,0.108796969,0.060593039,0.062381275,0.060341477,0.09672337,0.069460727,0.069227353,0.03618823,0.092542186,0.060131658,0.061768264,0.053820375,0.097243629,0.09425988,38534,52433,68093,74613,38066.69531,53206.38672,67027.21875,73229.89844,0.372463763,0.268016905,0.578529835,0.446416914,0.362274975,0.316654235,0.534466982,0.417152345,0.002293578,0.007003089,0.003429691,0.008105441,0.012029119,0.01382364,0.024621163,0.02585572,0.154516637,0.133097768,0.065117799,0.057717536,0.107590705,0.094508201,0.052006546,0.037587557,0.081273079,0.101900816,0.143750787,0.185249716,0.223469526,0.306143045,0.376948535,0.403121889,0.285018086,0.279514194,0.365476727,0.340547234,0.187675998,0.210314468,0.214844003,0.217311203,0.060025454,0.095676288,0.191092581,0.170446679,0.078955598,0.110199019,0.116873026,0.10058634,0.171600521,0.096427023,0.036022365,0.049056351,0.128723502,0.151819706,0.135321572,0.121936381,1
Waterbury,CT,451,1031,1396,1306,256,1003,1174,1136,287,919,1080,1022,118,1045,1183,1221,108961,107271,110366,109250,0.077701792,0.086134493,0.129611745,0.121015772,0.062381275,0.060341477,0.09672337,0.069460727,0.084694415,0.086360432,0.124030523,0.153319433,0.061768264,0.053820375,0.097243629,0.09425988,37942,42300,48407,50571,38066.69531,53206.38672,67027.21875,73229.89844,0.376573741,0.325225472,0.452149212,0.49739784,0.362274975,0.316654235,0.534466982,0.417152345,0.006868758,0.011183114,0.015314219,0.017654993,0.012029119,0.01382364,0.024621163,0.02585572,0.171744093,0.141946703,0.124717236,0.042150937,0.107590705,0.094508201,0.052006546,0.037587557,0.26694873,0.418239772,0.549412191,0.615139604,0.223469526,0.306143045,0.376948535,0.403121889,0.338878274,0.318182826,0.306049049,0.340212911,0.187675998,0.210314468,0.214844003,0.217311203,0.200224966,0.181832939,0.195504442,0.177930132,0.078955598,0.110199019,0.116873026,0.10058634,0.18009907,0.163967371,0.143611431,0.156407356,0.128723502,0.151819706,0.135321572,0.121936381,1
New London,CT,217,681,868,738,200,603,687,549,334,1125,486,707,164,1087,1180,1243,28540,25671,27620,27147,0.092769139,0.073736072,0.126135141,0.121632472,0.062381275,0.060341477,0.09672337,0.069460727,0.094987467,0.107958481,0.117687076,0.115619965,0.061768264,0.053820375,0.097243629,0.09425988,31274,38942,50971,45429,38066.69531,53206.38672,67027.21875,73229.89844,0.377883852,0.304851443,0.599122941,0.492075831,0.362274975,0.316654235,0.534466982,0.417152345,0.011451006,0.013829984,0.034375001,0.046195164,0.012029119,0.01382364,0.024621163,0.02585572,0.067375883,0.051600572,0.030419715,0.001797914,0.107590705,0.094508201,0.052006546,0.037587557,0.307182908,0.43928948,0.498967886,0.54834789,0.223469526,0.306143045,0.376948535,0.403121889,0.230881855,0.212613061,0.199914694,0.24724032,0.187675998,0.210314468,0.214844003,0.217311203,0.144267723,0.137369901,0.070382535,0.208350301,0.078955598,0.110199019,0.116873026,0.10058634,0.08527869,0.149679542,0.149662435,0.172652423,0.128723502,0.151819706,0.135321572,0.121936381,1
Barnstable,MA,,,,,1078,648,1249,961,277,107,1116,567,250,1096,1207,1257,0,47821,45193,44325,,0.047585048,0.07451614,0.052192945,0.062381275,0.060341477,0.09672337,0.069460727,,0.025381725,0.271567017,0.285536259,0.061768264,0.053820375,0.097243629,0.09425988,,54026,73938,83492,38066.69531,53206.38672,67027.21875,73229.89844,,0.371902764,0.490620822,0.4465684,0.362274975,0.316654235,0.534466982,0.417152345,,0.006634637,0.005796168,0.003383809,0.012029119,0.01382364,0.024621163,0.02585572,,0.045939676,0.018577253,0.093012497,0.107590705,0.094508201,0.052006546,0.037587557,,0.091549739,0.114035867,0.123429216,0.223469526,0.306143045,0.376948535,0.403121889,,0.319428295,0.250495076,0.240196586,0.187675998,0.210314468,0.214844003,0.217311203,,0.092727274,0.097175971,0.108609177,0.078955598,0.110199019,0.116873026,0.10058634,,0.179603994,0.145058811,0.143969238,0.128723502,0.151819706,0.135321572,0.121936381,1
New Bedford,MA,164,1287,989,1184,240,1232,1062,1226,371,1235,1101,1209,420,1189,1145,1271,99922,93768,95072,95125,0.122157417,0.087433897,0.117480345,0.091151409,0.062381275,0.060341477,0.09672337,0.069460727,0.069875479,0.077690251,0.106795013,0.089922339,0.061768264,0.053820375,0.097243629,0.09425988,28373,35708,45188,51529,38066.69531,53206.38672,67027.21875,73229.89844,0.411522627,0.337079197,0.573705375,0.414456069,0.362274975,0.316654235,0.534466982,0.417152345,0.005772763,0.016648808,0.0227615,0.024014752,0.012029119,0.01382364,0.024621163,0.02585572,0.21480076,0.164100572,0.085254461,0.085304968,0.107590705,0.094508201,0.052006546,0.037587557,0.156482056,0.247931063,0.313705862,0.366339028,0.223469526,0.306143045,0.376948535,0.403121889,0.222636059,0.236952692,0.288544595,0.281654716,0.187675998,0.210314468,0.214844003,0.217311203,0.173016578,0.2233527,0.179481283,0.175685078,0.078955598,0.110199019,0.116873026,0.10058634,0.028519005,0.0477162,0.087834954,0.092158616,0.128723502,0.151819706,0.135321572,0.121936381,1
Fitchburg,MA,339,886,1478,1383,405,766,1398,1224,341,684,1443,1270,338,769,1421,1274,41194,39102,40318,40666,0.092939809,0.083899282,0.116309844,0.100766338,0.062381275,0.060341477,0.09672337,0.069460727,0.075967595,0.063679539,0.13847132,0.11214897,0.061768264,0.053820375,0.097243629,0.09425988,33357,43291,54528,60207,38066.69531,53206.38672,67027.21875,73229.89844,0.379204035,0.289504379,0.522475481,0.454046041,0.362274975,0.316654235,0.534466982,0.417152345,0.006265909,0.01142132,0.024247492,0.012424977,0.012029119,0.01382364,0.024621163,0.02585572,0.141479105,0.120893009,0.044038668,0.037455831,0.107590705,0.094508201,0.052006546,0.037587557,0.15254648,0.247762263,0.290767461,0.356858313,0.223469526,0.306143045,0.376948535,0.403121889,0.361202598,0.322760642,0.386186421,0.287035495,0.187675998,0.210314468,0.214844003,0.217311203,0.241815746,0.202385306,0.171126261,0.198714465,0.078955598,0.110199019,0.116873026,0.10058634,0.197917521,0.202982605,0.191736519,0.204080403,0.128723502,0.151819706,0.135321572,0.121936381,1
Woonsocket,RI,389,1063,1010,1050,586,850,1382,1235,505,1269,1278,1357,320,1258,1048,1276,43877,43224,41186,41508,0.093553387,0.063696735,0.088453747,0.085663207,0.062381275,0.060341477,0.09672337,0.069460727,0.061582796,0.051980592,0.125337571,0.125121832,0.061768264,0.053820375,0.097243629,0.09425988,31659,38353,48159,47608,38066.69531,53206.38672,67027.21875,73229.89844,0.348282158,0.276101261,0.601638496,0.387730777,0.362274975,0.316654235,0.534466982,0.417152345,0.005847953,0.009705149,0.018543046,0.021359622,0.012029119,0.01382364,0.024621163,0.02585572,0.209117517,0.16016522,0.087626599,0.11371401,0.107590705,0.094508201,0.052006546,0.037587557,0.08403036,0.201762915,0.252861023,0.34978798,0.223469526,0.306143045,0.376948535,0.403121889,0.238018245,0.24829106,0.260894239,0.311999917,0.187675998,0.210314468,0.214844003,0.217311203,0.110751987,0.290354937,0.228737429,0.149380833,0.078955598,0.110199019,0.116873026,0.10058634,0.054933846,0.109404087,0.113379955,0.056819558,0.128723502,0.151819706,0.135321572,0.121936381,1
Pittsfield,MA,705,675,1136,905,608,590,1323,995,623,1097,1435,1392,540,837,1451,1331,48622,45793,44737,43289,0.075782605,0.060107842,0.106441118,0.080346845,0.062381275,0.060341477,0.09672337,0.069460727,0.054343738,0.064869419,0.087637365,0.105153397,0.061768264,0.053820375,0.097243629,0.09425988,38005,46228,57079,65271,38066.69531,53206.38672,67027.21875,73229.89844,0.391524971,0.304425269,0.536412776,0.431704879,0.362274975,0.316654235,0.534466982,0.417152345,0.002183571,0.009320454,0.011862396,0.017214824,0.012029119,0.01382364,0.024621163,0.02585572,0.107323229,0.0748422,0.107122824,0.045344621,0.107590705,0.094508201,0.052006546,0.037587557,0.052157458,0.083899289,0.139014855,0.156252161,0.223469526,0.306143045,0.376948535,0.403121889,0.283778936,0.347673237,0.410189182,0.384101808,0.187675998,0.210314468,0.214844003,0.217311203,0.082124047,0.191723987,0.196757704,0.181505159,0.078955598,0.110199019,0.116873026,0.10058634,0.06832695,0.031578243,0.069573879,0.08633399,0.128723502,0.151819706,0.135321572,0.121936381,1
Newport,RI,430,300,829,491,615,545,1379,1034,758,1174,1068,1156,716,676,1501,1342,28227,26475,24672,24745,0.069201902,0.075506173,0.052456349,0.045176111,0.062381275,0.060341477,0.09672337,0.069460727,0.095158085,0.060638137,0.19839929,0.184579626,0.061768264,0.053820375,0.097243629,0.09425988,37427,54116,82393,93564,38066.69531,53206.38672,67027.21875,73229.89844,0.343069404,0.296437651,0.654873073,0.361691386,0.362274975,0.316654235,0.534466982,0.417152345,0.006072875,0.007467871,0.003463537,0.032486465,0.012029119,0.01382364,0.024621163,0.02585572,0.045279384,0.08275862,0.077947706,0.031565655,0.107590705,0.094508201,0.052006546,0.037587557,0.129875645,0.183267236,0.187971771,0.23439078,0.223469526,0.306143045,0.376948535,0.403121889,0.205609709,0.282194018,0.254787743,0.3498559,0.187675998,0.210314468,0.214844003,0.217311203,0.056557678,0.21233201,0.029511839,0.227548718,0.078955598,0.110199019,0.116873026,0.10058634,0.105895042,0.179191649,0.234005451,0.147609353,0.128723502,0.151819706,0.135321572,0.121936381,1
Chicopee,MA,866,861,1234,1073,789,928,1495,1453,737,1015,1550,1522,656,868,1485,1379,56632,54653,55298,55778,0.060863897,0.04824432,0.103999436,0.079894036,0.062381275,0.060341477,0.09672337,0.069460727,0.043604895,0.049787093,0.07225702,0.06946525,0.061768264,0.053820375,0.097243629,0.09425988,35560,44136,58899,60645,38066.69531,53206.38672,67027.21875,73229.89844,0.310757935,0.280000001,0.616271734,0.394063354,0.362274975,0.316654235,0.534466982,0.417152345,0.003667322,0.011507965,0.011597456,0.011022044,0.012029119,0.01382364,0.024621163,0.02585572,0.206412211,0.163687348,0.059220169,0.073529415,0.107590705,0.094508201,0.052006546,0.037587557,0.060725383,0.131282821,0.218938649,0.271164268,0.223469526,0.306143045,0.376948535,0.403121889,0.346222103,0.414782077,0.446182966,0.466565788,0.187675998,0.210314468,0.214844003,0.217311203,0.113404043,0.286738038,0.280084312,0.18646428,0.078955598,0.110199019,0.116873026,0.10058634,0.019450665,0.137159884,0.197559476,0.086495101,0.128723502,0.151819706,0.135321572,0.121936381,1
Lewiston,ME,422,588,516,483,455,436,1214,770,524,1033,1507,1470,810,823,1550,1486,39757,35690,36592,36211,0.075385518,0.067626871,0.106572129,0.056359399,0.062381275,0.060341477,0.09672337,0.069460727,0.074074075,0.067152396,0.091074459,0.067784809,0.061768264,0.053820375,0.097243629,0.09425988,30903,40061,47114,54433,38066.69531,53206.38672,67027.21875,73229.89844,0.340486795,0.264520288,0.53942126,0.368692726,0.362274975,0.316654235,0.534466982,0.417152345,0.005319663,0.009640766,0.019665223,0.028769616,0.012029119,0.01382364,0.024621163,0.02585572,0.115514018,0.073215097,0.082092725,0.049155146,0.107590705,0.094508201,0.052006546,0.037587557,0.023291497,0.05026618,0.112386577,0.134572372,0.223469526,0.306143045,0.376948535,0.403121889,0.252708554,0.248073265,0.30731535,0.315558016,0.187675998,0.210314468,0.214844003,0.217311203,-0.074556075,0.22444348,0.314016342,0.337051243,0.078955598,0.110199019,0.116873026,0.10058634,0.01625675,0.015213847,0.115490377,0.140674472,0.128723502,0.151819706,0.135321572,0.121936381,1
Springfield,MA,414,1273,1425,1410,340,1138,1356,1350,226,829,1330,1195,251,1410,1399,1504,156983,152082,153060,154613,0.093618087,0.084679,0.148661301,0.110525489,0.062381275,0.060341477,0.09672337,0.069460727,0.055919766,0.063264236,0.102531403,0.090481959,0.061768264,0.053820375,0.097243629,0.09425988,30824,36285,40534,41485,38066.69531,53206.38672,67027.21875,73229.89844,0.443478256,0.358899027,0.473699301,0.52311188,0.362274975,0.316654235,0.534466982,0.417152345,0.007101871,0.013903627,0.020617122,0.026048845,0.012029119,0.01382364,0.024621163,0.02585572,0.17635107,0.133006975,0.092771769,0.086650394,0.107590705,0.094508201,0.052006546,0.037587557,0.363822848,0.511506975,0.636425316,0.674380541,0.223469526,0.306143045,0.376948535,0.403121889,0.342702806,0.34622547,0.364930063,0.406247854,0.187675998,0.210314468,0.214844003,0.217311203,0.259264112,0.249350891,0.232674405,0.223994598,0.078955598,0.110199019,0.116873026,0.10058634,0.192567706,0.187658846,0.192678988,0.178084493,0.128723502,0.151819706,0.135321572,0.121936381,1
Holyoke,MA,303,1404,1509,1507,376,1225,1513,1503,455,1343,1553,1549,308,1276,1551,1534,43704,39838,39880,40362,0.100820117,0.067278095,0.127655983,0.101761997,0.062381275,0.060341477,0.09672337,0.069460727,0.062481526,0.074706972,0.058104694,0.096386246,0.061768264,0.053820375,0.097243629,0.09425988,29366,36130,40993,46940,38066.69531,53206.38672,67027.21875,73229.89844,0.426833481,0.367978871,0.535104573,0.43904686,0.362274975,0.316654235,0.534466982,0.417152345,0.009000734,0.010912906,0.011489619,0.019534186,0.012029119,0.01382364,0.024621163,0.02585572,0.233401224,0.168156669,0.151593447,0.099032708,0.107590705,0.094508201,0.052006546,0.037587557,0.347451031,0.460113466,0.516126633,0.569768608,0.223469526,0.306143045,0.376948535,0.403121889,0.426637709,0.415986687,0.411165118,0.413508147,0.187675998,0.210314468,0.214844003,0.217311203,0.420496643,0.345391959,0.316779613,0.323502719,0.078955598,0.110199019,0.116873026,0.10058634,0.324629724,0.347672015,0.353028476,0.237764537,0.128723502,0.151819706,0.135321572,0.121936381,1