place,stateabrev,rankeconhealth1980,rankeconinclusionindex1980,rankraceinclusionindex1980,rankoverallinclusionindex1980,rankeconhealth1990,rankeconinclusionindex1990,rankraceinclusionindex1990,rankoverallinclusionindex1990,rankeconhealth2000,rankeconinclusionindex2000,rankraceinclusionindex2000,rankoverallinclusionindex2000,rankeconhealth2013,rankeconinclusionindex2013,rankraceinclusionindex2013,rankoverallinclusionindex2013,pop1980,pop1990,pop2000,pop2013,everrecover,lat,lon,recovperiod
Fremont,CA,20,22,11,10,8,14,3,2,10,9,4,1,7,2,3,1,131945,173339,203413,225221,,37.54827,-121.988572,x
Daly City,CA,36,19,2,3,40,21,2,6,29,25,2,2,51,16,2,2,78519,92311,103621,104930,,37.688432,-122.460686,x
Torrance,CA,15,8,6,6,20,7,5,3,38,10,11,7,37,6,12,3,129881,133107,137946,147589,,33.835849,-118.340629,x
Santa Clara,CA,21,21,18,13,29,3,21,8,17,4,23,8,10,9,15,4,87746,93613,102361,121374,,37.354113,-121.955174,x
Elk Grove,CA,52,145,40,56,10,10,4,5,1,5,13,5,2,13,9,5,10959,17483,59984,161084,,38.408799,-121.371618,x
West Covina,CA,27,28,4,7,35,34,6,11,82,27,8,9,116,36,5,6,80291,96086,105080,107837,,34.068621,-117.938953,x
Sunnyvale,CA,9,14,38,17,24,6,31,10,8,8,33,10,6,5,27,7,106618,117229,131760,148178,,37.36883,-122.03635,x
Bellevue,WA,16,17,61,29,9,19,48,22,28,19,40,21,14,3,39,8,73903,86874,109569,134630,,47.614422,-122.192337,x
Carlsbad,CA,26,85,198,138,12,68,207,124,25,26,113,51,8,10,25,9,35490,63126,78247,110830,,33.158093,-117.350594,x
Naperville,IL,3,1,13,1,2,1,15,1,2,1,20,3,3,4,46,10,42330,85351,128358,145058,,41.772911,-88.147867,x
Killeen,TX,273,272,82,259,262,144,9,40,188,72,3,12,192,54,6,11,46296,63535,86911,136378,,31.117144,-97.727796,x
Miramar,FL,31,49,10,18,54,91,7,23,134,50,1,4,24,115,1,12,32813,40663,72739,131384,,25.975911,-80.334721,x
Burbank,CA,49,61,94,62,51,30,66,45,80,36,36,28,62,42,14,13,84625,93643,100316,104725,,34.181648,-118.325855,x
Henderson,NV,170,215,70,115,19,36,27,20,6,28,19,15,63,14,30,14,24363,64942,175381,271725,,36.039146,-114.981923,x
Glendale,CA,51,162,78,91,85,195,36,72,112,177,17,57,126,92,4,15,139060,180038,194973,196984,,34.142346,-118.248367,x
Roseville,CA,149,90,35,45,23,35,28,21,16,24,37,22,5,31,20,16,24347,44685,79921,126327,,38.72338,-121.185878,x
Livonia,MI,14,5,25,5,14,13,18,9,18,7,48,17,57,1,93,17,104814,100850,100545,95312,,42.36837,-83.35271,x
Norwalk,CA,65,125,7,39,65,78,14,29,131,55,16,23,88,58,10,18,85286,94279,103298,106659,,33.90928,-118.084917,x
Clarksville,TN,240,113,108,90,179,51,65,56,151,18,38,20,166,20,34,19,54777,75494,103455,143618,,36.528592,-87.30987,x
Pembroke Pines,FL,12,18,5,8,17,8,13,7,12,22,6,6,79,85,7,20,35776,65452,137427,162243,,26.02322,-80.341239,x
San Francisco,CA,114,78,22,36,99,71,23,37,47,52,25,27,39,25,29,21,678974,723959,776733,840763,,37.779277,-122.41927,x
Sterling Heights,MI,10,3,17,2,22,2,17,4,30,3,46,11,99,23,43,22,108999,117810,124471,131139,,42.580312,-83.030203,x
Simi Valley,CA,11,43,8,15,7,25,11,12,26,15,26,13,21,33,33,23,77500,100217,111351,126103,,34.269447,-118.781482,x
Plano,TX,2,38,140,64,4,9,89,35,5,23,44,29,12,21,48,24,72331,128713,222030,275645,,33.013676,-96.69251,x
Thousand Oaks,CA,6,52,33,37,3,33,71,50,9,32,69,38,18,12,69,25,77072,104352,117005,128565,,34.171427,-118.910588,x
Cambridge,MA,138,37,44,32,82,11,69,26,76,33,74,45,22,7,84,26,95322,95802,101355,107916,,42.377274,-71.130574,x
Hayward,CA,77,54,14,25,75,69,8,16,70,53,12,18,85,59,21,27,94167,111498,140030,152401,,37.668821,-122.080796,x
Downey,CA,46,26,37,23,50,46,41,33,94,37,35,26,70,50,31,28,82602,91444,107323,113407,,33.940014,-118.132569,x
Fayetteville,NC,227,233,242,262,162,163,190,178,228,83,70,73,200,55,28,29,59507,75695,121015,202521,,35.052993,-78.878706,x
Jersey City,NJ,256,109,45,54,227,82,26,43,204,61,15,24,136,90,18,30,223532,228537,240055,259651,1,40.728158,-74.077642,2000-2013
Antioch,CA,70,81,16,35,59,95,20,41,33,90,7,25,140,91,19,31,42683,62195,90532,107501,,38.004921,-121.805789,x
Overland Park,KS,18,6,28,9,18,5,49,13,14,13,89,36,15,8,114,32,81784,111790,149080,181464,,38.982228,-94.670792,x
Huntington Beach,CA,13,91,34,44,13,40,53,39,27,30,59,34,33,39,53,33,170505,181519,189594,197752,,33.678124,-118.000011,x
Virginia Beach,VA,58,66,114,70,53,49,50,44,58,58,49,43,58,32,58,34,262199,393069,425257,448290,,36.718371,-76.24668,x
McKinney,TX,228,270,160,263,167,274,252,274,3,259,271,273,1,27,70,35,16256,21283,54369,150064,1,33.19765,-96.615447,1980-2000
Fort Collins,CO,75,99,129,96,63,103,93,86,40,74,77,74,35,41,60,36,65092,87758,118652,153292,,40.550853,-105.066808,x
Chandler,AZ,67,265,251,272,6,102,192,146,15,57,93,66,19,30,72,37,29673,90533,176581,250202,,33.306674,-111.84086,x
Norman,OK,93,120,136,120,166,67,56,58,100,111,76,81,84,52,52,38,68020,80071,95694,117353,,35.222572,-97.439482,x
Grand Prairie,TX,50,126,128,117,123,92,84,75,92,71,53,55,55,82,35,39,71462,99616,127427,183500,,32.745965,-96.997785,x
Oceanside,CA,196,254,169,243,80,207,176,200,65,156,127,137,92,48,61,40,76698,128398,161029,173050,1,33.19587,-117.379483,1980-1990
Hampton,VA,144,56,87,59,131,15,57,27,145,41,54,39,202,68,50,41,122617,133793,146437,137081,,37.030097,-76.345206,x
Chula Vista,CA,96,142,32,51,48,175,33,68,83,127,27,46,50,119,26,42,83927,135163,173556,257296,,32.640054,-117.084195,x
Peoria,AZ,78,229,76,133,5,190,99,126,13,70,31,35,32,47,71,43,12251,50618,108364,163664,,33.835735,-112.347345,x
West Jordan,UT,1,29,53,33,31,32,37,25,22,11,45,19,13,24,104,44,27192,42892,68336,109549,,40.60967,-111.939103,x
Vancouver,WA,217,163,105,119,143,148,77,96,7,144,56,78,121,53,67,45,42834,46380,143560,168050,1,45.630695,-122.674456,1980-2000
Ann Arbor,MI,29,149,73,71,32,136,73,85,34,59,75,60,48,46,76,46,107966,109592,114024,116194,,42.268157,-83.731229,x
Everett,WA,184,127,107,97,114,54,52,48,135,77,68,69,123,57,64,47,54413,69961,91488,105685,,47.967306,-122.2014,x
Newark,NJ,270,241,31,85,266,160,29,64,269,171,32,65,263,133,22,48,329248,275221,273546,279793,,40.735657,-74.172367,x
Anchorage municip,AK,33,77,116,77,104,59,81,66,75,60,85,64,34,29,95,49,174431,226338,260283,299107,,61.218056,-149.900278,x
Chesapeake,VA,73,104,170,122,60,63,118,84,45,45,81,58,60,44,82,50,114486,151976,199184,230601,,36.718371,-76.24668,x
Vallejo,CA,94,42,21,19,78,88,1,14,101,69,5,14,227,169,17,51,80303,109199,116760,118995,,38.104086,-122.256637,x
Berkeley,CA,100,185,54,76,55,112,79,79,46,135,120,113,28,34,100,52,103328,102724,102743,117384,,37.870839,-122.272864,x
Palm Bay,FL,84,47,161,80,21,29,44,28,121,46,29,30,196,111,37,53,18560,62632,79413,105212,,28.033189,-80.642969,x
Pasadena,CA,88,234,117,180,83,243,130,206,108,191,132,159,52,78,54,54,118550,131591,133936,139899,,34.147645,-118.144478,x
Seattle,WA,81,44,106,58,62,44,107,67,52,34,116,59,17,17,131,55,493846,516259,563374,653017,,47.603832,-122.330062,x
San Jose,CA,23,135,89,88,26,113,91,89,19,81,66,68,40,63,68,56,629442,782248,894943,1000860,,37.336191,-121.890583,x
Cape Coral,FL,59,20,55,27,28,16,59,31,55,20,51,31,137,40,99,57,32103,74991,102286,165843,,26.606923,-81.980263,x
Arvada,CO,8,9,30,11,56,27,40,24,31,39,55,37,27,26,115,58,84576,89235,102153,111658,,39.802764,-105.087484,x
Fairfield,CA,107,69,26,38,43,50,10,15,73,158,24,54,93,131,38,59,58099,77211,96178,109468,,38.249358,-122.039966,x
Mesquite,TX,34,48,27,26,79,37,22,17,56,35,14,16,125,109,45,60,67053,101484,124523,143584,,32.76661,-96.599472,x
Scottsdale,AZ,128,72,50,50,66,45,88,62,24,66,128,84,30,18,154,61,88412,130069,202705,227471,,33.509122,-111.899236,x
El Paso,TX,164,253,74,158,194,251,124,215,210,237,86,165,120,135,42,62,425259,515342,563662,676325,1,31.811131,-106.501349,2000-2013
Orange,CA,24,75,113,72,15,147,149,144,42,85,150,110,45,70,83,63,91788,110658,128821,139761,,33.787914,-117.853101,x
Olathe,KS,37,7,65,22,16,20,47,19,11,6,103,32,9,15,166,64,37258,63352,92962,131508,,38.884387,-94.816113,x
Victorville,CA,257,74,42,47,103,134,30,59,177,147,22,48,151,152,36,65,14220,40674,64029,120703,1,34.536107,-117.291156,1980-1990
Corona,CA,64,153,154,146,38,138,87,99,35,89,42,53,43,143,40,66,37791,76095,124966,159595,,33.875293,-117.566438,x
Boise City,ID,120,50,79,53,52,41,39,30,44,43,73,50,78,56,109,67,102451,125738,185787,214196,,43.598838,-116.243255,x
Westminster,CO,19,55,48,46,44,28,58,42,21,38,63,40,67,49,117,68,50211,74625,100940,110598,,39.855418,-105.041569,x
Fontana,CA,237,79,19,34,71,197,12,60,144,195,21,61,44,180,32,69,37111,87535,128929,203677,1,34.092234,-117.435048,1980-1990
Murfreesboro,TN,169,93,244,184,115,119,122,111,116,86,99,86,26,28,147,70,32845,44922,68816,117983,,35.915517,-86.444693,x
Fullerton,CA,25,147,98,105,37,155,98,110,72,143,101,105,76,87,75,71,102034,114144,126003,138976,,33.870822,-117.929416,x
Midland,TX,28,174,225,228,202,139,253,232,178,103,213,155,11,43,135,72,70525,89443,94996,123820,1,31.997366,-102.077948,1990-2013
Lancaster,CA,61,39,23,21,76,89,35,47,238,141,41,67,152,113,57,73,48027,97291,118718,159774,,34.698106,-118.136615,x
Gary,IN,266,103,20,40,274,149,19,55,270,87,43,52,272,233,16,74,151953,116646,102746,78483,,41.602129,-87.337137,x
Corpus Christi,TX,98,221,80,131,225,179,112,130,185,176,82,114,91,110,59,75,231999,257453,277454,316513,1,27.800254,-97.395574,2000-2013
Parma,OH,43,2,41,4,42,4,113,36,71,2,133,33,134,11,213,76,92548,87876,85655,80380,,41.38224,-81.735569,x
Tempe,AZ,42,137,69,66,95,142,60,78,67,161,98,115,144,69,108,77,106743,141865,158625,169816,,33.414631,-111.909376,x
Hialeah,FL,90,119,29,48,158,228,62,122,203,181,30,72,175,254,8,78,145254,188004,226419,234714,,25.857596,-80.278106,x
Lowell,MA,142,53,234,150,204,123,267,239,119,92,192,139,162,73,103,79,92418,103439,105167,109349,1,42.633425,-71.316172,1990-2000
Inglewood,CA,146,165,3,30,197,247,16,77,227,210,18,63,201,221,23,80,94245,109602,112580,111411,,33.96168,-118.353131,x
Columbia,MO,80,164,188,185,101,185,166,175,109,117,148,132,25,74,106,81,62061,69101,84531,115391,,38.951883,-92.333737,x
Carrollton,TX,4,33,66,42,11,18,109,54,20,31,92,47,29,65,119,82,40595,82169,109576,127279,,32.953735,-96.890282,x
Pomona,CA,182,257,36,123,119,266,72,231,193,248,71,162,160,191,41,83,92742,131723,149473,151753,,34.055289,-117.752279,x
Rochester,MN,44,10,51,20,30,12,200,70,39,29,255,120,20,35,167,84,57890,70745,85806,110275,,44.023327,-92.463021,x
Ontario,CA,109,193,58,81,81,252,78,167,163,179,57,95,139,158,51,85,88820,133179,158007,168218,,34.063344,-117.650888,x
Thornton,CO,7,100,24,41,112,98,42,57,23,109,39,56,23,89,102,86,40343,55031,82384,127688,,39.868041,-104.971924,x
Visalia,CA,99,210,179,216,89,122,241,195,154,104,208,152,89,64,134,87,49729,75636,91565,127842,,36.330228,-119.292058,x
Elizabeth,NJ,173,62,39,43,180,101,51,65,208,96,28,42,208,187,47,88,106201,110002,120568,127759,,40.663992,-74.210701,x
North Las Vegas,NV,226,267,15,112,248,242,54,120,61,247,206,252,46,124,74,89,42739,47707,115488,226860,1,36.200837,-115.112096,1990-2000
Sacramento,CA,244,155,43,60,122,194,55,93,174,165,52,80,157,126,77,90,275741,369365,407018,480566,1,38.581572,-121.4944,1980-1990
Davenport,IA,92,64,243,165,171,86,239,165,125,73,240,158,118,37,181,91,103264,95333,98359,101863,,41.523644,-90.577637,x
Modesto,CA,187,158,85,98,107,105,135,112,162,94,105,94,215,108,90,92,106602,164730,188856,207482,1,37.639097,-120.996878,1980-1990
Hollywood,FL,103,183,101,128,154,180,117,141,122,122,72,83,186,148,63,93,121323,121697,139357,146791,,26.011201,-80.14949,x
Newport News,VA,176,146,252,231,165,73,214,135,136,88,173,122,171,62,142,94,144903,170045,180150,181323,,37.016827,-76.45052,x
Colorado Springs,CO,153,118,97,83,174,85,97,83,54,113,102,100,87,77,130,95,215150,281140,360890,442040,,38.833958,-104.825348,x
Detroit,MI,272,225,49,102,273,253,45,121,264,172,9,44,274,269,11,96,1203339,1027974,951270,690074,,42.348664,-83.056737,x
Jacksonville,FL,191,196,214,229,148,115,154,123,130,91,114,96,205,114,97,97,540920,635230,735617,846951,1,30.332184,-81.655651,1980-2000
Eugene,OR,139,156,130,137,93,127,85,91,107,110,130,109,128,79,127,98,105624,112669,137893,159615,,44.101181,-123.152384,x
Fargo,ND,101,24,261,140,67,23,92,52,62,17,174,70,31,22,223,99,61383,74111,90599,113464,,46.877229,-96.789821,x
Gainesville,FL,126,258,180,250,163,250,144,225,196,235,112,177,189,166,62,100,81371,84770,95447,127559,,29.651907,-82.324798,x
Albuquerque,NM,122,160,67,73,134,152,70,88,137,175,60,97,114,185,55,101,331767,384736,448607,556092,,35.084103,-106.650985,x
Tacoma,WA,219,123,77,69,155,130,86,94,158,136,78,92,159,121,89,102,158501,176664,193556,203481,,47.24958,-122.439875,x
Irving,TX,53,41,93,52,127,75,119,92,81,107,124,101,107,175,66,103,109943,155037,191615,228776,,32.862919,-96.97917,x
Wichita Falls,TX,225,140,189,161,239,132,152,128,207,67,129,87,180,80,137,104,94201,96259,104197,104926,,33.913709,-98.493387,x
Paterson,NJ,235,252,62,149,188,199,43,81,249,227,34,93,234,250,24,105,137970,140891,149222,146987,,40.916765,-74.171811,x
Lakewood,CO,30,23,57,31,88,17,76,38,43,56,109,75,73,95,120,106,112860,126481,144126,147836,,39.624609,-105.084204,x
Concord,CA,32,40,12,16,33,39,24,18,49,82,80,76,90,96,121,107,103255,111348,121780,126268,,37.977978,-122.031073,x
Camden,NJ,274,262,63,159,271,249,80,158,274,269,64,204,268,271,13,108,84910,87492,79904,76904,,39.944844,-75.119869,x
Manchester,NH,89,63,123,78,140,62,68,61,64,48,220,111,109,60,165,109,90936,99567,107006,110139,,42.99564,-71.454789,x
Madison,WI,47,76,174,116,34,60,167,102,50,51,211,108,36,45,198,110,170616,191262,208054,243122,,43.074761,-89.383761,x
San Diego,CA,123,190,104,132,69,216,143,193,88,211,149,184,65,106,118,111,875538,1110549,1223400,1359791,,32.717421,-117.162771,x
Spokane,WA,212,154,121,124,176,108,75,73,194,138,106,106,161,94,133,112,171300,177196,195629,210695,,47.65886,-117.424713,x
Anaheim,CA,39,136,83,82,64,218,131,185,95,241,151,226,102,128,110,113,219311,266406,328014,345578,,33.834752,-117.911732,x
Hartford,CT,249,216,84,141,249,223,146,198,273,246,96,186,265,149,88,114,136392,139739,121578,124795,,41.763494,-72.683052,x
Columbus,OH,199,150,124,126,130,137,104,107,127,106,107,99,165,104,128,115,564871,632910,711470,824663,1,39.96226,-83.000706,1980-1990
Billings,MT,129,59,248,171,126,56,256,168,90,76,245,168,42,67,180,116,66798,81151,89847,108134,,45.787496,-108.49607,x
Birmingham,AL,234,220,158,210,253,229,95,157,260,219,61,118,266,216,56,117,284413,265968,242820,212211,,33.520682,-86.802433,x
Athens,GA,189,159,193,189,218,246,74,148,78,240,50,124,223,156,96,118,42549,45734,100266,119684,1,33.959597,-83.376678,1990-2000
Boston,MA,241,101,142,109,186,74,145,100,153,79,131,98,111,66,187,119,562994,574283,589141,650281,1,42.360482,-71.059568,1990-2013
Stamford,CT,35,131,273,249,25,48,250,147,37,54,229,129,59,75,176,120,102453,108056,117083,126592,,41.05343,-73.538734,x
Abilene,TX,116,172,164,163,242,170,139,149,223,148,119,125,156,99,143,121,98315,106654,115930,122226,,32.446453,-99.733348,x
Garden Grove,CA,40,115,99,86,49,171,123,142,98,125,134,121,82,123,124,122,123307,143050,165196,174721,,33.774629,-117.946372,x
Provo,UT,179,89,119,84,113,165,25,63,113,78,88,77,110,176,94,123,74108,86835,105166,115345,,40.233844,-111.658534,x
Cedar Rapids,IA,54,13,182,63,84,24,147,69,63,14,193,71,80,19,251,124,110243,108751,120758,128829,,41.975887,-91.670405,x
St. Petersburg,FL,211,204,240,246,193,153,218,201,167,123,172,146,190,81,168,125,238647,238629,248232,250713,,27.770861,-82.679266,x
New Haven,CT,253,173,115,134,212,100,115,105,266,121,79,88,233,181,92,126,126109,130474,123626,130612,,41.308214,-72.925052,x
Richmond,CA,172,107,68,57,128,162,67,90,126,137,62,82,141,161,107,127,74676,87425,99216,107597,,37.935758,-122.347749,x
Santa Rosa,CA,48,108,126,107,36,83,157,109,36,80,189,126,75,61,209,128,83320,113313,147595,172066,,38.440468,-122.714431,x
Portland,OR,148,134,156,135,110,104,103,97,110,97,97,90,74,100,153,129,366383,437319,529121,612206,,45.520247,-122.674195,x
Elgin,IL,79,31,258,145,46,64,262,191,60,42,222,107,100,83,174,130,63798,77010,94487,112105,,42.037249,-88.281189,x
Riverside,CA,95,166,92,108,91,164,83,106,148,174,90,117,132,168,105,131,170876,226505,255166,316335,,33.953355,-117.396162,x
Pittsburgh,PA,239,96,236,177,245,141,246,216,250,120,227,176,212,72,199,132,423938,369879,334563,305928,,40.441694,-79.990086,x
Beaumont,TX,165,182,201,214,237,236,208,240,224,208,198,212,204,188,91,133,118102,114323,113866,117676,,30.086046,-94.101846,x
San Antonio,TX,175,251,56,142,236,227,110,169,133,206,87,140,113,201,86,134,785880,935933,1144646,1413881,1,29.4246,-98.49514,1990-2000
Norfolk,VA,242,232,237,260,233,209,195,214,237,197,205,213,184,137,136,135,266979,261229,234403,245452,,36.841815,-76.191781,x
Worcester,MA,135,57,267,211,168,70,270,227,139,64,262,172,170,86,182,136,161799,169759,172648,183382,,42.262593,-71.802293,x
Portsmouth,VA,183,240,218,255,200,206,227,234,216,170,170,170,222,107,158,137,104577,103907,100565,96135,,36.835426,-76.298274,x
Hammond,IN,145,27,120,55,173,65,106,74,199,44,104,62,247,164,116,138,93714,84236,83048,78983,,41.583366,-87.500043,x
Bridgeport,CT,201,224,196,230,221,211,182,205,240,180,91,130,246,212,85,139,142546,141686,139529,147340,,41.167041,-73.204835,x
Garland,TX,17,98,153,110,98,52,120,76,59,75,115,89,146,150,126,140,138857,180650,215768,234213,,32.912624,-96.638883,x
Alexandria,VA,45,46,171,87,41,72,155,104,32,62,185,102,16,97,172,141,103217,111183,128283,149315,,38.80511,-77.047023,x
Augusta,GA,263,255,216,264,263,263,243,267,4,149,67,91,253,235,65,142,47532,44639,195182,196635,1,33.470971,-81.974843,1990-2000
Denton,TX,132,106,217,167,151,204,136,173,114,166,163,167,64,163,123,143,48063,66270,80537,125734,,33.173474,-97.234816,x
Independence,MO,69,16,47,24,116,42,63,46,124,49,65,49,177,116,160,144,111806,112301,113288,117192,,39.091116,-94.415507,x
Stockton,CA,245,171,125,143,170,184,165,174,214,226,135,195,220,205,98,145,149779,210943,243771,299722,,37.957702,-121.29078,x
McAllen,TX,174,259,151,238,234,265,213,264,211,204,121,154,106,218,87,146,66281,84021,106414,136993,1,26.204369,-98.230082,2000-2013
Topeka,KS,155,67,157,101,144,77,138,103,146,108,142,116,182,136,151,147,115266,119883,122377,127672,,39.049011,-95.677556,x
Lubbock,TX,147,222,210,241,208,220,231,244,172,217,165,207,104,170,125,148,173979,186206,199564,240719,1,33.577863,-101.855166,1990-2013
Canton,OH,250,84,186,129,255,97,148,114,222,116,146,131,264,122,163,149,94730,84161,80806,72463,,40.798952,-81.378444,x
Savannah,GA,222,256,246,270,246,217,188,217,244,245,126,209,239,234,78,150,141390,137560,131510,142919,,32.083541,-81.099834,x
Costa Mesa,CA,41,114,91,75,39,128,171,139,66,124,221,171,69,93,211,151,82562,96357,108724,112377,,33.663339,-117.903317,x
Columbus,GA,238,207,219,242,184,226,206,237,191,159,167,166,224,154,146,152,169441,178681,185781,200285,,32.460976,-84.987709,x
Bakersfield,CA,83,202,148,178,87,210,160,190,138,233,162,223,83,157,145,153,105611,174820,247057,363612,,35.373871,-119.019464,x
Las Vegas,NV,140,218,177,221,118,161,129,137,93,221,139,191,187,172,140,154,164674,258295,478434,605097,,36.166286,-115.149225,x
Raleigh,NC,57,102,220,164,47,93,196,136,74,99,181,138,49,88,219,155,150255,207951,276093,432520,,35.780398,-78.639099,x
Pasadena,TX,166,95,167,118,226,120,202,156,171,218,200,230,185,183,138,156,112560,119363,141674,153036,,29.691063,-95.209101,x
Dearborn,MI,60,4,64,12,70,55,32,32,99,223,190,227,210,261,49,157,90660,89286,97775,96069,,42.32226,-83.176314,x
Charleston,SC,198,244,259,269,160,241,254,261,141,209,223,237,47,71,238,158,69510,80414,96650,127694,1,32.787601,-79.940273,1980-2013
Pueblo,CO,209,151,52,61,213,182,94,117,186,225,58,119,235,245,73,159,101686,98640,102121,108073,,38.254447,-104.609141,x
Springfield,MO,221,94,95,68,169,135,64,80,176,112,125,104,191,174,141,160,133116,140494,151580,163763,,37.215331,-93.298252,x
Trenton,NJ,262,223,132,198,232,151,168,154,262,198,100,143,267,240,79,161,92124,88675,85403,84632,,40.217058,-74.742946,x
Reno,NV,82,194,96,125,96,150,127,129,115,164,155,157,119,153,152,162,100756,133850,180480,234161,,39.52927,-119.813674,x
Roanoke,VA,180,211,163,207,164,145,137,131,180,185,161,178,181,132,177,163,100220,96397,94911,98736,,37.270973,-79.941431,x
Tucson,AZ,178,177,81,103,217,213,102,151,161,212,95,147,226,219,112,164,330537,405390,486699,528374,,32.221742,-110.926476,x
Lincoln,NE,72,35,202,94,57,57,150,95,69,47,214,103,56,76,240,165,171932,191972,225581,269726,,40.8,-96.667821,x
Lexington,KY,86,186,239,237,111,116,201,155,102,119,201,156,98,102,212,166,204165,225366,260512,308306,,38.046407,-84.497039,x
Durham,NC,118,192,127,152,92,146,128,127,103,215,156,199,72,105,207,167,100831,136611,187035,246084,,35.994033,-78.898619,x
Baltimore,MD,255,217,178,220,231,224,141,197,265,201,108,149,255,196,132,168,786775,736014,651154,622454,,39.290861,-76.610807,x
Nashville,TN,108,121,211,175,139,124,180,145,117,139,158,148,115,144,169,169,455651,488374,545524,634512,,36.16223,-86.774353,x
Flint,MI,261,161,100,114,270,259,105,220,268,254,118,219,273,249,80,170,159611,140761,124943,99802,,43.017177,-83.723602,x
Green Bay,WI,105,32,269,162,77,47,273,219,87,40,272,192,138,51,260,171,87899,96466,102313,104847,,44.529941,-88.024832,x
Providence,RI,264,200,147,174,251,176,173,172,242,234,180,234,238,179,155,172,156804,160728,173618,178680,,41.823989,-71.412834,x
Austin,TX,115,246,109,199,175,214,116,162,41,250,137,229,41,159,164,173,345496,465622,656562,887061,,30.271129,-97.743699,x
Albany,NY,254,97,209,151,152,99,162,118,256,183,191,193,203,146,173,174,101727,101082,95658,98468,,42.651167,-73.754968,x
Greensboro,NC,110,132,208,176,86,107,172,125,129,101,160,128,163,98,224,175,155642,183521,223891,279427,,36.072636,-79.791975,x
Palmdale,CA,102,73,46,49,1,111,34,53,168,173,47,79,168,251,81,176,12277,68842,116670,156672,,34.579313,-118.117111,x
New Bedford,MA,230,144,88,93,244,121,140,119,235,140,187,160,217,112,221,177,98478,99922,93768,94909,,41.636215,-70.934205,x
Orlando,FL,159,188,213,226,137,140,194,163,152,200,169,190,148,207,139,178,128291,164693,185951,256738,,28.542118,-81.379046,x
Warren,MI,62,11,72,28,72,43,61,49,79,12,111,41,231,155,175,179,161134,144864,138247,134857,,42.477536,-83.0277,x
Arlington,TX,63,80,146,104,94,66,142,98,57,102,168,133,127,178,161,180,160113,261721,332969,379716,,32.735582,-97.107119,x
Des Moines,IA,127,129,203,170,109,109,183,133,143,63,217,127,153,101,228,181,191003,193187,198682,208020,,41.591064,-93.603715,x
Akron,OH,232,65,175,113,201,126,174,140,189,98,195,144,257,141,200,182,237177,223019,217074,198329,,41.083064,-81.518485,x
Tallahassee,FL,203,260,235,268,102,221,161,202,205,238,153,221,195,203,148,183,81548,124773,150624,187024,1,30.438083,-84.280933,1980-1990
Washington,DC,224,139,118,111,181,169,151,153,243,186,194,198,77,193,159,184,638333,606900,572059,647484,1,38.894955,-77.036646,2000-2013
Philadelphia,PA,265,184,173,188,243,201,134,171,252,163,138,151,244,197,157,185,1688210,1585577,1517550,1555072,,39.952399,-75.16359,x
Salem,OR,213,180,155,160,100,106,189,138,140,151,252,239,143,103,234,186,89233,107786,136924,160008,1,44.939157,-123.033121,1980-1990
Joliet,IL,215,45,256,155,159,76,245,166,77,169,251,245,71,117,230,187,77956,76836,106221,147918,1,41.525031,-88.081725,1980-2000
Oakland,CA,223,175,71,89,185,239,108,177,157,228,147,205,142,211,156,188,339337,372242,399484,408073,,37.804456,-122.271356,x
Charlotte,NC,66,189,257,248,68,157,222,204,86,187,212,214,86,145,210,189,314447,395934,540828,792137,,35.227087,-80.843127,x
Oxnard,CA,104,199,86,127,58,167,100,116,104,178,117,142,81,230,129,190,108195,142216,170358,203495,,34.197505,-119.177052,x
Gresham,OR,5,34,9,14,27,38,46,34,105,130,228,183,147,160,195,191,33005,68235,90205,109308,,45.506741,-122.436706,x
Lansing,MI,161,58,103,65,172,133,114,115,175,100,84,85,245,246,111,192,130414,127321,119128,114485,,42.733771,-84.55538,x
Baton Rouge,LA,131,243,199,245,258,254,247,262,218,260,237,266,206,182,184,193,219419,219531,227818,229186,,30.450746,-91.154551,x
Louisville,KY,252,230,229,252,229,215,242,245,217,220,256,257,4,118,233,194,298451,269063,256231,608732,1,38.254238,-85.759407,2000-2013
Wichita,KS,74,130,226,205,149,131,215,179,147,114,210,161,149,165,196,195,279272,304011,344284,387147,,37.692236,-97.337545,x
Salinas,CA,181,206,181,218,135,173,191,188,181,131,143,136,117,184,191,196,80479,108777,151060,155366,,36.677708,-121.656011,x
New York,NY,194,209,133,179,146,193,184,192,187,202,175,194,131,208,162,197,7071639,7322564,8008278,8426743,1,40.730599,-73.986581,2000-2013
Little Rock,AR,112,169,224,224,161,181,185,184,169,153,204,181,198,147,218,198,158461,175795,183133,196943,,34.746481,-92.289595,x
Chattanooga,TN,188,181,245,236,228,166,199,189,213,162,179,169,219,138,231,199,169565,152466,155554,174483,,35.04563,-85.30968,x
Cleveland,OH,260,191,122,148,268,225,156,203,261,242,140,216,271,224,150,200,573822,505616,478403,390584,,41.505161,-81.693445,x
Yonkers,NY,56,36,206,100,74,61,260,180,111,157,248,233,145,177,205,201,195351,188082,196086,199435,,40.93121,-73.898747,x
Aurora,CO,22,92,90,67,120,26,82,51,53,126,136,123,103,192,192,202,158588,222103,276393,345867,,39.729432,-104.83192,x
Dayton,OH,271,143,102,106,254,205,111,150,253,213,123,164,269,202,188,203,203371,182044,166179,141368,,39.758948,-84.191607,x
Laredo,TX,185,273,1,95,224,271,38,194,198,274,10,145,54,273,44,204,91449,122899,176576,248855,1,27.506099,-99.508898,2000-2013
Sioux Falls,SD,97,30,271,172,45,31,226,108,48,21,273,174,38,38,274,205,81343,100814,123975,164341,,43.549975,-96.700327,x
Oklahoma City,OK,162,195,165,182,252,202,133,170,182,207,171,196,112,200,193,206,403213,444719,506132,610672,1,35.472989,-97.517054,1990-2013
Mesa,AZ,68,124,111,99,97,87,96,82,84,93,207,150,130,129,243,207,152453,288091,396375,458860,,33.415314,-111.831264,x
Chicago,IL,231,208,143,192,247,235,169,222,229,199,152,180,230,214,185,208,3005072,2783726,2896016,2717534,,41.875555,-87.624421,x
Kansas City,MO,205,141,149,139,222,168,179,161,184,152,178,163,178,173,222,209,448159,435146,441545,467990,,39.084469,-94.56303,x
San Bernardino,CA,233,249,110,202,203,264,159,256,257,262,122,241,241,267,101,210,117490,164164,185401,214112,,34.108345,-117.289765,x
Waco,TX,171,237,152,219,256,258,132,238,246,265,110,235,167,238,149,211,101261,103590,113726,129193,,31.549333,-97.146669,x
Syracuse,NY,248,116,222,186,220,200,209,223,259,255,216,258,252,194,216,212,170105,163860,147306,144564,,43.048122,-76.147424,x
Fort Worth,TX,158,239,145,217,240,237,178,228,160,216,145,200,66,225,178,213,385164,447619,534694,796614,1,32.753177,-97.332746,1990-2013
El Monte,CA,204,271,60,212,138,269,101,251,202,268,94,228,194,264,113,214,79494,106209,115965,115711,,34.075157,-118.036849,x
Long Beach,CA,113,247,139,223,121,257,234,260,195,258,254,268,135,213,201,215,361334,429433,461522,470237,1,33.777466,-118.188487,2000-2013
Tampa,FL,207,227,138,204,216,232,158,210,212,214,157,201,176,229,170,216,271523,280015,303447,355603,,27.94776,-82.458444,x
Denver,CO,150,214,137,191,223,192,181,186,96,236,183,236,53,209,202,217,492365,467610,554636,649654,1,39.739154,-104.984703,1990-2000
Scranton,PA,236,12,212,74,183,22,170,71,241,16,270,135,225,84,267,218,88117,81805,76415,76064,,41.408687,-75.662129,x
Amarillo,TX,87,176,184,195,211,208,220,233,142,222,197,231,94,215,204,219,149230,157615,173627,196571,1,35.207219,-101.833825,1990-2013
Toledo,OH,247,111,230,193,214,117,229,182,206,129,236,187,261,186,229,220,354635,332943,313619,282275,,41.678675,-83.512728,x
Brownsville,TX,163,274,75,257,265,273,203,269,247,273,141,254,124,262,122,221,84997,98962,139722,181487,1,25.914026,-97.489086,2000-2013
Peoria,IL,177,122,253,225,156,154,266,247,183,196,268,256,183,167,239,222,124160,113504,112936,115847,,40.693861,-89.589101,x
Mobile,AL,160,187,254,247,230,212,251,253,225,231,242,253,242,227,186,223,200452,196278,198915,194669,,30.694357,-88.043054,x
Columbia,SC,206,212,247,256,189,219,230,242,230,256,224,263,216,125,252,224,101208,98052,116278,131958,,34.000749,-81.034331,x
Salt Lake City,UT,186,235,183,232,187,156,197,181,128,160,232,210,101,140,249,225,163033,159936,181743,190679,1,40.767013,-111.890431,1990-2000
Inadianapolis,IN,190,133,194,156,136,178,186,183,166,146,166,153,229,206,220,226,700807,731327,781870,841449,1,39.768403,-86.158068,1980-1990
Waterbury,CT,193,70,270,222,157,79,265,212,233,95,243,179,249,189,232,227,103266,108961,107271,109551,,41.558153,-73.051497,x
Glendale,AZ,38,201,162,194,133,177,121,143,68,190,177,185,193,222,206,228,97172,148134,218812,234844,,33.558997,-112.404683,x
Erie,PA,218,51,266,200,209,80,264,209,234,118,257,217,228,127,255,229,119123,108718,103717,100678,,42.129066,-80.085242,x
Aurora,IL,111,86,190,130,73,172,221,208,51,205,184,203,61,204,226,230,81293,99581,142990,200614,,41.760585,-88.320071,x
Youngstown,OH,267,117,150,121,269,191,216,218,267,192,203,206,270,244,171,231,115436,95732,82026,65573,,41.09978,-80.649519,x
Lafayette,LA,55,170,191,196,219,129,257,226,159,132,259,232,68,151,250,232,81961,94440,110257,124982,1,30.22409,-92.019843,1990-2013
Cincinnati,OH,251,168,204,208,215,203,210,229,239,232,219,248,262,198,235,233,385457,364040,331285,297397,,39.101454,-84.51246,x
Tulsa,OK,85,148,141,144,206,158,126,132,156,189,164,182,179,242,179,234,360919,367302,393049,398082,,36.155681,-95.992911,x
Allentown,PA,136,25,268,153,132,53,269,196,221,145,250,224,240,228,203,235,103758,105090,106632,119261,,40.602206,-75.471279,x
Buffalo,NY,268,157,195,183,260,196,177,187,272,229,154,211,256,195,242,236,357870,328123,292648,259517,,42.886717,-78.878392,x
Escondido,CA,154,178,144,154,61,238,233,252,91,244,234,255,105,237,194,237,64355,108635,133559,149079,,33.121675,-117.081485,x
St. Louis,MO,269,213,135,190,267,245,187,236,271,182,186,188,260,210,237,238,453085,396685,348189,317850,,38.627273,-90.197889,x
Montgomery,AL,168,245,272,271,177,231,258,258,201,243,253,265,218,231,215,239,177857,187106,201568,202967,,32.366966,-86.300648,x
High Point,NC,141,228,238,258,124,186,211,211,123,194,233,238,214,226,227,240,63380,69496,85839,108031,,35.955692,-80.005318,x
Los Angeles,CA,125,264,176,261,141,268,238,270,192,270,247,269,133,255,183,241,2966850,3485398,3694820,3900794,1,34.054394,-118.243941,2000-2013
Huntsville,AL,134,197,233,234,90,118,175,134,179,184,231,225,150,162,265,242,142513,159789,158216,185594,,34.677972,-86.455462,x
Fort Wayne,IN,202,60,205,136,178,58,164,101,165,65,225,134,154,120,269,243,172196,173072,205727,257059,,41.07999,-85.138601,x
Rochester,NY,246,203,187,215,207,240,217,246,255,253,182,249,258,243,217,244,241741,231636,219773,210745,,43.157285,-77.615214,x
Knoxville,TN,214,167,185,181,205,189,125,152,215,128,159,141,164,171,263,245,175030,165121,173890,183066,,35.960395,-83.921026,x
Milwaukee,WI,143,112,215,168,191,188,261,250,231,193,241,244,236,217,248,246,636212,628088,596974,599498,,43.034993,-87.922497,x
Clearwater,FL,121,87,262,213,142,94,240,176,118,134,249,218,188,223,246,247,85528,98784,108787,110381,,27.965853,-82.800103,x
Santa Ana,CA,71,261,172,251,105,272,232,271,150,261,209,261,96,252,214,248,203713,293742,337977,333268,,33.749495,-117.873221,x
New Orleans,LA,243,268,200,265,272,267,225,268,251,264,199,259,248,260,190,249,557515,496938,484674,376738,,29.949932,-90.070116,x
Springfield,IL,130,88,250,203,108,96,259,207,155,142,263,243,158,199,262,250,99637,105227,111454,117061,,39.798976,-89.644369,x
Duluth,MN,137,71,231,157,129,84,163,113,120,68,260,175,108,134,270,251,92811,85493,86918,86178,,46.772932,-92.125122,x
Wilmington,NC,258,242,192,244,190,198,219,230,200,203,239,247,122,190,266,252,44000,55530,75838,111998,1,34.225728,-77.944711,2000-2013
Memphis,TN,208,226,263,267,210,244,235,254,219,230,144,208,250,266,189,253,646356,610337,650100,657167,,35.149022,-90.051628,x
Kansas City,KS,220,82,112,79,250,114,90,87,236,168,83,112,237,263,197,254,161087,149767,146866,148855,,39.11468,-94.749525,x
Omaha,NE,117,68,241,166,106,90,237,164,85,105,261,215,95,142,271,255,314255,335795,390007,440034,,41.258732,-95.937873,x
Minneapolis,MN,91,128,221,201,145,159,263,243,97,133,264,242,97,130,273,256,370951,368383,382618,399950,,44.9773,-93.265469,x
St. Paul,MN,76,15,228,92,125,81,268,221,89,84,258,197,129,139,272,257,270230,272235,287151,295043,,44.950404,-93.101503,x
Rockford,IL,106,138,223,206,117,143,249,224,173,155,218,189,254,248,241,258,139712,139426,150115,150283,,42.271395,-89.093966,x
Jackson,MS,119,263,264,273,235,261,255,266,248,239,196,246,259,265,208,259,202895,196637,184256,173212,,32.410438,-90.162065,x
Macon,GA,210,179,265,254,238,233,223,248,263,251,188,250,213,241,244,260,116896,106612,97255,154608,,32.840695,-83.632402,x
Richmond,VA,192,236,166,227,199,222,153,199,226,224,176,220,207,253,236,261,219214,203056,197790,213735,,37.538509,-77.43428,x
Fort Lauderdale,FL,133,248,274,274,195,255,274,273,164,257,274,274,172,232,253,262,153279,149377,152397,173570,,26.122308,-80.143379,x
Fresno,CA,195,205,131,169,147,234,248,257,232,249,244,264,209,268,225,263,218202,354202,427652,510451,,36.739442,-119.784831,x
Springfield,MA,197,152,255,233,182,183,271,259,220,154,269,251,243,236,257,264,152319,156983,152082,153947,,42.101483,-72.589811,x
Miami,FL,229,269,59,173,259,270,193,265,254,267,202,262,174,274,144,265,346865,358548,362470,424632,,25.774266,-80.193659,x
Evansville,IN,157,105,249,209,198,110,212,160,190,115,226,173,221,239,259,266,130496,126272,121582,120212,,37.974765,-87.555848,x
Grand Rapids,MI,200,110,227,187,150,187,244,235,149,150,246,222,211,220,268,267,181843,189126,197800,192416,,42.96336,-85.668086,x
Atlanta,GA,259,266,159,253,261,262,236,263,258,271,267,272,232,247,256,268,425022,394017,416474,448901,,33.749099,-84.390185,x
Winston-Salem,NC,167,198,232,239,153,125,204,159,132,188,238,240,199,259,254,269,131885,143485,185776,236642,,36.099817,-80.244144,x
Phoenix,AZ,124,238,197,240,192,230,228,249,106,263,266,270,169,258,258,270,789704,983403,1321045,1514208,1,33.446768,-112.075672,1990-2000
South Bend,IN,216,83,207,147,196,174,224,213,209,167,215,202,251,256,264,271,109727,105511,107789,100590,,41.683381,-86.250007,x
Houston,TX,151,219,134,197,257,248,198,241,197,252,230,260,155,257,261,272,1595138,1630553,1953631,2217706,,29.758938,-95.367697,x
Shreveport,LA,156,231,260,266,264,260,272,272,245,266,265,271,197,270,247,273,205820,198525,200145,200015,,32.522183,-93.765194,x
Dallas,TX,152,250,168,235,241,256,205,255,170,272,235,267,173,272,245,274,904078,1006877,1188580,1260688,,32.776272,-96.796856,x
